,PLAYER,AFFILIATION,OVERALL PICK,YEAR,TEAM,GP,MIN,PTS,FGM,FGA,FG%,3PM,3PA,3P%,FTM,FTA,FT%,OREB,DREB,REB,AST,TOV,STL,BLK,PF,FP,DD2,TD3,+/-,HEIGHT,WEIGHT,POSITION,ROTY
0,Karl-Anthony Towns,Kentucky,1,2015-16,MIN,82,32.0,18.3,7.6,14.1,54.2,0.4,1.1,34.1,2.7,3.4,81.1,2.8,7.7,10.5,2.0,2.2,0.7,1.7,3.0,38.8,52,0,-1.6,2.11,112,Center-Forward,1
1,D'Angelo Russell,Ohio State,2,2015-16,LAL,80,28.2,13.2,4.9,12.0,41.0,1.6,4.6,35.1,1.8,2.4,73.7,0.6,2.8,3.4,3.3,2.5,1.2,0.2,1.8,23.8,1,0,-6.8,1.93,88,Guard,0
2,Jahlil Okafor,Duke,3,2015-16,PHI,53,30.0,17.5,7.5,14.7,50.8,0.0,0.1,16.7,2.5,3.7,68.6,2.3,4.7,7.0,1.2,2.3,0.4,1.2,2.6,30.2,11,0,-9.3,2.08,122,Center-Forward,0
3,Kristaps Porzingis,CB Sevilla (Spain),4,2015-16,NYK,72,28.4,14.3,5.2,12.3,42.1,1.1,3.4,33.3,2.8,3.3,83.8,1.8,5.5,7.3,1.3,1.7,0.7,1.9,2.8,31.1,21,0,0.2,2.21,109,Forward-Center,0
4,Mario Hezonja,FC Barcelona Basquet (Spain),5,2015-16,ORL,79,17.9,6.1,2.3,5.3,43.3,0.8,2.4,34.9,0.6,0.7,90.7,0.4,1.9,2.2,1.4,1.2,0.5,0.2,1.6,11.7,0,0,0.0,2.03,100,Forward-Guard,0
5,Willie Cauley-Stein,Kentucky,6,2015-16,SAC,66,21.4,7.0,2.9,5.1,56.3,0.0,0.0,0.0,1.2,1.9,64.8,2.0,3.3,5.3,0.6,0.7,0.7,1.0,2.2,18.7,3,0,-1.2,2.13,109,NaN,0
6,Emmanuel Mudiay,Guangdong Southern Tigers (China),7,2015-16,DEN,68,30.4,12.8,4.8,13.3,36.4,1.1,3.4,31.9,2.1,3.1,67.0,0.5,2.9,3.4,5.5,3.2,1.0,0.5,2.1,26.3,4,0,-1.7,1.91,91,NaN,0
7,Stanley Johnson,Arizona,8,2015-16,DET,73,23.1,8.1,3.1,8.2,37.5,0.9,2.8,30.7,1.1,1.4,78.4,0.8,3.4,4.2,1.6,1.6,0.8,0.2,2.4,16.8,3,0,-1.9,1.98,110,Forward-Guard,0
8,Frank Kaminsky,Wisconsin,9,2015-16,CHA,81,21.1,7.5,2.7,6.5,41.0,0.8,2.5,33.7,1.3,1.8,73.0,0.9,3.3,4.1,1.2,0.7,0.5,0.5,1.6,16.5,1,0,-0.2,2.13,109,Forward-Center,0
9,Justise Winslow,Duke,10,2015-16,MIA,78,28.6,6.4,2.5,5.9,42.2,0.4,1.5,27.6,1.0,1.5,68.4,1.0,4.1,5.2,1.5,1.2,0.9,0.3,2.4,17.3,0,0,1.4,1.98,101,Forward-Guard,0
10,Myles Turner,Texas,11,2015-16,IND,60,22.8,10.3,4.4,8.8,49.8,0.1,0.2,21.4,1.5,2.0,72.7,1.1,4.4,5.5,0.7,1.1,0.4,1.4,2.6,22.4,4,0,-1.2,2.11,113,Center-Forward,0
11,Trey Lyles,Kentucky,12,2015-16,UTA,80,17.3,6.1,2.4,5.5,43.8,0.6,1.6,38.3,0.7,1.0,69.5,0.7,3.0,3.7,0.7,0.8,0.3,0.2,1.4,12.5,2,0,-0.6,2.06,106,Forward,0
12,Devin Booker,Kentucky,13,2015-16,PHX,76,27.7,13.8,4.8,11.4,42.3,1.3,3.8,34.3,2.8,3.4,84.0,0.4,2.1,2.5,2.6,2.1,0.6,0.3,3.0,21.1,3,0,-4.9,1.96,93,Guard,0
13,Cameron Payne,Murray State,14,2015-16,OKC,57,12.2,5.0,2.0,4.9,41.0,0.6,1.9,32.4,0.3,0.4,79.2,0.2,1.3,1.5,1.9,0.8,0.6,0.1,1.4,11.0,0,0,-0.5,1.85,83,Guard,0
14,Kelly Oubre Jr.,Kansas,15,2015-16,WAS,63,10.7,3.7,1.4,3.3,42.7,0.4,1.3,31.6,0.5,0.8,63.3,0.4,1.7,2.1,0.2,0.5,0.3,0.1,1.6,7.4,0,0,-0.7,1.98,92,Forward-Guard,0
15,Terry Rozier,Louisville,16,2015-16,BOS,39,8.0,1.8,0.7,2.7,27.4,0.2,0.7,22.2,0.2,0.3,80.0,0.6,1.0,1.6,0.9,0.5,0.2,0.0,0.6,5.3,0,0,-1.2,1.85,86,Guard,0
16,Rashad Vaughn,Nevada-Las Vegas,17,2015-16,MIL,70,14.3,3.1,1.2,3.8,30.5,0.6,2.1,29.3,0.2,0.2,80.0,0.2,1.1,1.3,0.6,0.4,0.4,0.2,1.0,7.0,0,0,-2.1,1.98,92,NaN,0
17,Sam Dekker,Wisconsin,18,2015-16,HOU,3,2.0,0.0,0.0,0.0,0.0,0.0,0.0,0.0,0.0,0.0,0.0,0.0,0.3,0.3,0.0,0.0,0.3,0.0,0.0,1.4,0,0,-0.7,2.03,99,NaN,0
18,Jerian Grant,Notre Dame,19,2015-16,NYK,76,16.6,5.6,2.0,5.1,39.4,0.3,1.3,22.0,1.3,1.6,78.0,0.3,1.6,1.9,2.3,1.1,0.7,0.1,1.3,12.6,0,0,-2.2,1.93,90,Guard,0
19,Delon Wright,Utah,20,2015-16,TOR,27,8.5,3.8,1.3,3.0,45.0,0.2,0.5,38.5,1.0,1.3,74.3,0.3,1.1,1.4,1.1,0.6,0.3,0.1,0.3,7.8,0,0,0.5,1.96,84,Guard,0
20,Justin Anderson,Virginia,21,2015-16,DAL,55,11.8,3.8,1.3,3.2,40.6,0.4,1.5,26.5,0.8,1.0,80.0,0.3,2.1,2.4,0.5,0.4,0.3,0.5,0.8,9.4,1,0,0.1,1.96,105,NaN,0
21,Bobby Portis,Arkansas,22,2015-16,CHI,62,17.8,7.0,3.0,7.0,42.7,0.3,0.8,30.8,0.8,1.1,72.7,2.0,3.5,5.4,0.8,0.9,0.4,0.4,1.6,16.2,6,0,-2.9,2.08,113,Forward,0
22,Rondae Hollis-Jefferson,Arizona,23,2015-16,BKN,29,21.2,5.8,2.2,4.8,45.7,0.1,0.5,28.6,1.3,1.8,71.2,1.3,4.0,5.3,1.5,0.9,1.3,0.6,2.1,19.1,2,0,-2.1,1.98,98,Forward,0
23,Tyus Jones,Duke,24,2015-16,MIN,37,15.5,4.2,1.5,4.2,35.9,0.4,1.4,30.2,0.8,1.1,71.8,0.2,1.1,1.3,2.9,0.9,0.8,0.1,0.9,12.0,0,0,-3.6,1.83,89,Guard,0
24,Jarell Martin,Louisiana State,25,2015-16,MEM,27,14.1,5.7,2.0,4.3,46.6,0.0,0.1,0.0,1.7,2.3,72.6,1.4,1.7,3.2,0.6,0.7,0.3,0.3,2.1,11.3,0,0,-1.4,2.08,108,Forward,0
25,Nikola Milutinov,KK Partizan (Serbia),26,NaN,NaN,NaN,NaN,NaN,NaN,NaN,NaN,NaN,NaN,NaN,NaN,NaN,NaN,NaN,NaN,NaN,NaN,NaN,NaN,NaN,NaN,NaN,NaN,NaN,NaN,NaN,NaN,NaN,0
26,Larry Nance Jr.,Wyoming,27,2015-16,LAL,63,20.1,5.5,2.5,4.8,52.7,0.0,0.2,10.0,0.5,0.7,68.1,1.6,3.3,5.0,0.7,0.7,0.9,0.4,2.0,15.5,3,0,-1.5,2.01,111,Forward-Center,0
27,RJ Hunter,Georgia State,28,2015-16,BOS,36,8.7,2.7,1.0,2.7,36.7,0.5,1.8,30.2,0.2,0.2,85.7,0.1,1.0,1.0,0.4,0.3,0.4,0.1,0.8,5.7,0,0,-0.8,1.96,84,Guard,0
28,Chris McCullough,Syracuse,29,NaN,NaN,NaN,NaN,NaN,NaN,NaN,NaN,NaN,NaN,NaN,NaN,NaN,NaN,NaN,NaN,NaN,NaN,NaN,NaN,NaN,NaN,NaN,NaN,NaN,NaN,NaN,NaN,NaN,0
29,Kevon Looney,California-Los Angeles,30,2015-16,GSW,5,4.1,1.8,0.8,1.4,57.1,0.2,0.4,50.0,0.0,0.0,0.0,0.8,1.2,2.0,0.0,0.2,0.0,0.0,0.4,4.0,0,0,-4.4,2.06,101,Forward,0
30,Cedi Osman,Anadolu Efes S.K. (Turkey),31,2017-18,CLE,61,11.0,3.9,1.5,3.0,48.4,0.5,1.4,36.8,0.4,0.8,56.5,0.3,1.7,2.0,0.7,0.5,0.4,0.0,1.3,8.0,0,0,0.6,2.01,104,Forward,0
31,Montrezl Harrell,Louisville,32,2015-16,HOU,39,9.7,3.6,1.5,2.3,64.4,0.0,0.0,0.0,0.6,1.2,52.2,0.6,1.0,1.7,0.4,0.4,0.3,0.3,1.2,7.5,0,0,1.0,2.01,109,Forward-Center,0
32,Jordan Mickey,Louisiana State,33,2015-16,BOS,16,3.6,1.3,0.5,1.4,36.4,0.0,0.0,0.0,0.3,0.6,50.0,0.4,0.4,0.8,0.1,0.1,0.0,0.7,0.3,4.4,0,0,0.4,2.03,107,Center-Forward,0
33,Anthony Brown,Stanford,34,2015-16,LAL,29,20.6,4.0,1.3,4.3,31.0,0.7,2.4,28.6,0.6,0.7,85.0,0.3,2.1,2.4,0.7,0.5,0.5,0.2,1.2,9.3,0,0,-1.2,2.01,102,Forward-Guard,0
34,Willy Hernangomez,CB Sevilla (Spain),35,2016-17,NYK,72,18.4,8.2,3.4,6.5,52.9,0.1,0.2,26.7,1.3,1.7,72.8,2.4,4.6,7.0,1.3,1.4,0.6,0.5,2.1,20.3,11,0,-0.8,2.11,113,Center-Forward,0
35,Rakeem Christmas,Syracuse,36,2015-16,IND,1,6.1,4.0,2.0,2.0,100,0.0,0.0,0.0,0.0,0.0,0.0,1.0,0.0,1.0,0.0,0.0,0.0,0.0,1.0,5.2,0,0,-10.0,2.06,113,Forward,0
36,Richaun Holmes,Bowling Green,37,2015-16,PHI,51,13.8,5.6,2.2,4.4,51.4,0.2,0.9,18.2,1.0,1.5,68.9,1.2,1.4,2.6,0.6,0.6,0.4,0.8,1.8,12.6,0,0,-1.0,2.08,107,Forward,0
37,Darrun Hilliard,Villanova,38,2015-16,DET,38,10.1,4.0,1.4,3.4,39.7,0.5,1.3,38.0,0.8,1.1,72.5,0.1,1.1,1.2,0.7,0.5,0.2,0.0,0.7,6.8,0,0,-0.1,1.98,100,Guard,0
38,Juan Pablo Vaulet,Bahia Basket (Argentina),39,NaN,NaN,NaN,NaN,NaN,NaN,NaN,NaN,NaN,NaN,NaN,NaN,NaN,NaN,NaN,NaN,NaN,NaN,NaN,NaN,NaN,NaN,NaN,NaN,NaN,NaN,NaN,NaN,NaN,0
39,Josh Richardson,Tennessee,40,2015-16,MIA,52,21.3,6.6,2.4,5.2,45.2,1.0,2.2,46.1,0.8,1.2,66.7,0.4,1.7,2.1,1.4,0.7,0.7,0.5,2.1,14.0,0,0,0.8,1.96,91,Guard,0
40,Pat Connaughton,Notre Dame,41,2015-16,POR,34,4.2,1.1,0.4,1.4,26.5,0.1,0.6,23.8,0.1,0.1,100,0.3,0.6,0.9,0.3,0.3,0.1,0.0,0.2,2.5,0,0,-0.4,1.96,95,Guard,0
41,Olivier Hanlan,Boston College,42,NaN,NaN,NaN,NaN,NaN,NaN,NaN,NaN,NaN,NaN,NaN,NaN,NaN,NaN,NaN,NaN,NaN,NaN,NaN,NaN,NaN,NaN,NaN,NaN,NaN,NaN,NaN,NaN,NaN,0
42,Joe Young,Oregon,43,2015-16,IND,41,9.4,3.8,1.5,4.1,36.7,0.2,1.1,21.7,0.5,0.6,80.0,0.1,1.1,1.2,1.6,0.8,0.4,0.0,0.7,7.9,0,0,-0.8,1.88,84,Guard,0
43,Andrew Harrison,Kentucky,44,2016-17,MEM,72,20.5,5.9,1.6,5.0,32.5,0.6,2.2,27.6,2.1,2.7,76.3,0.3,1.6,1.9,2.8,1.2,0.7,0.3,2.7,14.2,0,0,-0.4,1.98,97,NaN,0
44,Marcus Thornton,William & Mary,45,NaN,NaN,NaN,NaN,NaN,NaN,NaN,NaN,NaN,NaN,NaN,NaN,NaN,NaN,NaN,NaN,NaN,NaN,NaN,NaN,NaN,NaN,NaN,NaN,NaN,NaN,NaN,NaN,NaN,0
45,Norman Powell,California-Los Angeles,46,2015-16,TOR,49,14.8,5.6,2.0,4.7,42.4,0.7,1.8,40.4,0.9,1.1,81.1,0.3,1.9,2.3,1.0,0.7,0.6,0.2,1.2,11.5,0,0,1.3,1.91,98,Guard,0
46,Arturas Gudaitis,BC Zalgiris (Lithuania),47,NaN,NaN,NaN,NaN,NaN,NaN,NaN,NaN,NaN,NaN,NaN,NaN,NaN,NaN,NaN,NaN,NaN,NaN,NaN,NaN,NaN,NaN,NaN,NaN,NaN,NaN,NaN,NaN,NaN,0
47,Dakari Johnson,Kentucky,48,2017-18,OKC,31,5.2,1.8,0.7,1.3,56.4,0.0,0.0,0.0,0.4,0.6,55.0,0.5,0.6,1.1,0.3,0.1,0.2,0.3,0.9,4.7,0,0,1.1,2.13,116,Center,0
48,Aaron White,Iowa,49,NaN,NaN,NaN,NaN,NaN,NaN,NaN,NaN,NaN,NaN,NaN,NaN,NaN,NaN,NaN,NaN,NaN,NaN,NaN,NaN,NaN,NaN,NaN,NaN,NaN,NaN,NaN,NaN,NaN,0
49,Marcus Eriksson,FC Barcelona Basquet (Spain),50,NaN,NaN,NaN,NaN,NaN,NaN,NaN,NaN,NaN,NaN,NaN,NaN,NaN,NaN,NaN,NaN,NaN,NaN,NaN,NaN,NaN,NaN,NaN,NaN,NaN,NaN,NaN,NaN,NaN,0
50,Tyler Harvey,Eastern Washington,51,NaN,NaN,NaN,NaN,NaN,NaN,NaN,NaN,NaN,NaN,NaN,NaN,NaN,NaN,NaN,NaN,NaN,NaN,NaN,NaN,NaN,NaN,NaN,NaN,NaN,NaN,NaN,NaN,NaN,0
51,Satnam Singh,IMG Academy,52,NaN,NaN,NaN,NaN,NaN,NaN,NaN,NaN,NaN,NaN,NaN,NaN,NaN,NaN,NaN,NaN,NaN,NaN,NaN,NaN,NaN,NaN,NaN,NaN,NaN,NaN,NaN,NaN,NaN,0
52,Sir'Dominic Pointer,St. John's (NY),53,NaN,NaN,NaN,NaN,NaN,NaN,NaN,NaN,NaN,NaN,NaN,NaN,NaN,NaN,NaN,NaN,NaN,NaN,NaN,NaN,NaN,NaN,NaN,NaN,NaN,NaN,NaN,NaN,NaN,0
53,Daniel Diez,San Sebastian Gipuzkoa BC (Spain),54,NaN,NaN,NaN,NaN,NaN,NaN,NaN,NaN,NaN,NaN,NaN,NaN,NaN,NaN,NaN,NaN,NaN,NaN,NaN,NaN,NaN,NaN,NaN,NaN,NaN,NaN,NaN,NaN,NaN,0
54,Cady Lalanne,Massachusetts,55,NaN,NaN,NaN,NaN,NaN,NaN,NaN,NaN,NaN,NaN,NaN,NaN,NaN,NaN,NaN,NaN,NaN,NaN,NaN,NaN,NaN,NaN,NaN,NaN,NaN,NaN,NaN,NaN,NaN,0
55,Branden Dawson,Michigan State,56,2015-16,LAC,6,4.8,0.8,0.3,0.8,40.0,0.0,0.0,0.0,0.2,0.2,100,0.3,0.3,0.7,0.0,0.0,0.0,0.2,0.3,2.1,0,0,-2.5,1.98,102,Forward,0
56,Nikola Radicevic,CB Sevilla (Spain),57,NaN,NaN,NaN,NaN,NaN,NaN,NaN,NaN,NaN,NaN,NaN,NaN,NaN,NaN,NaN,NaN,NaN,NaN,NaN,NaN,NaN,NaN,NaN,NaN,NaN,NaN,NaN,NaN,NaN,0
57,JP Tokoto,North Carolina,58,NaN,NaN,NaN,NaN,NaN,NaN,NaN,NaN,NaN,NaN,NaN,NaN,NaN,NaN,NaN,NaN,NaN,NaN,NaN,NaN,NaN,NaN,NaN,NaN,NaN,NaN,NaN,NaN,NaN,0
58,Dimitrios Agravanis,Olympiacos B.C. (Greece),59,NaN,NaN,NaN,NaN,NaN,NaN,NaN,NaN,NaN,NaN,NaN,NaN,NaN,NaN,NaN,NaN,NaN,NaN,NaN,NaN,NaN,NaN,NaN,NaN,NaN,NaN,NaN,NaN,NaN,0
59,Luka Mitrovic,Red Star Belgrade (Serbia),60,NaN,NaN,NaN,NaN,NaN,NaN,NaN,NaN,NaN,NaN,NaN,NaN,NaN,NaN,NaN,NaN,NaN,NaN,NaN,NaN,NaN,NaN,NaN,NaN,NaN,NaN,NaN,NaN,NaN,0
60,Ben Simmons,Louisiana State,1,2017-18,PHI,81,33.7,15.8,6.7,12.3,54.5,0.0,0.1,0.0,2.4,4.2,56.0,1.8,6.3,8.1,8.2,3.4,1.7,0.9,2.6,42.1,38,12,4.8,2.11,109,Guard-Forward,1
61,Brandon Ingram,Duke,2,NaN,NaN,NaN,NaN,NaN,NaN,NaN,NaN,NaN,NaN,NaN,NaN,NaN,NaN,NaN,NaN,NaN,NaN,NaN,NaN,NaN,NaN,NaN,NaN,NaN,NaN,NaN,NaN,NaN,0
62,Jaylen Brown,California,3,2016-17,BOS,78,17.2,6.6,2.5,5.4,45.5,0.6,1.7,34.3,1.1,1.6,68.5,0.6,2.2,2.8,0.8,0.9,0.4,0.2,1.8,12.4,0,0,-1.6,1.98,101,Guard-Forward,0
63,Dragan Bender,Maccabi Tel Aviv B.C. (Israel),4,2016-17,PHX,43,13.3,3.4,1.3,3.7,35.4,0.7,2.3,27.7,0.1,0.3,36.4,0.5,1.9,2.4,0.5,0.7,0.2,0.5,1.7,8.6,1,0,-0.6,2.13,113,NaN,0
64,Kris Dunn,Providence,5,2016-17,MIN,78,17.1,3.8,1.5,4.0,37.7,0.3,0.9,28.8,0.5,0.8,61.0,0.3,1.8,2.1,2.4,1.1,1.0,0.5,2.3,13.2,1,0,-1.7,1.91,93,NaN,0
65,Buddy Hield,Oklahoma,6,2016-17,NOP,57,20.4,8.6,3.2,8.3,39.3,1.6,4.2,36.9,0.5,0.6,87.9,0.3,2.6,2.9,1.4,0.8,0.3,0.1,1.4,14.6,0,0,-2.6,1.93,100,Guard,0
66,Jamal Murray,Kentucky,7,2016-17,DEN,82,21.5,9.9,3.6,8.9,40.4,1.4,4.2,33.4,1.3,1.5,88.3,0.5,2.1,2.6,2.1,1.4,0.6,0.3,1.5,17.5,1,0,0.9,1.91,98,Guard,0
67,Marquese Chriss,Washington,8,2016-17,PHX,82,21.3,9.2,3.5,7.7,44.9,0.9,2.7,32.1,1.4,2.2,62.4,1.2,3.1,4.2,0.7,1.3,0.8,0.9,3.2,19.1,3,0,-4.7,2.06,109,Forward,0
68,Jakob Poeltl,Utah,9,NaN,NaN,NaN,NaN,NaN,NaN,NaN,NaN,NaN,NaN,NaN,NaN,NaN,NaN,NaN,NaN,NaN,NaN,NaN,NaN,NaN,NaN,NaN,NaN,NaN,NaN,NaN,NaN,NaN,0
69,Thon Maker,,10,2016-17,MIL,57,9.9,4.0,1.5,3.2,45.9,0.5,1.3,37.8,0.6,0.9,65.3,0.7,1.3,2.0,0.4,0.3,0.2,0.5,1.5,8.6,0,0,-0.5,2.13,100,NaN,0
70,Domantas Sabonis,Gonzaga,11,2016-17,OKC,81,20.1,5.9,2.4,5.9,39.9,0.6,2.0,32.1,0.5,0.8,65.7,0.6,3.0,3.6,1.0,1.0,0.5,0.4,2.5,13.3,2,0,0.2,2.11,109,Forward-Center,0
71,Taurean Prince,Baylor,12,2016-17,ATL,59,16.6,5.7,1.9,4.8,40.0,0.6,1.7,32.4,1.3,1.6,78.7,0.4,2.2,2.7,0.9,1.0,0.7,0.5,1.6,12.8,0,0,-0.5,1.98,99,Forward,0
72,Georgios Papagiannis,Panathinaikos B.C. (Greece),13,2016-17,SAC,22,16.1,5.6,2.5,4.6,54.9,0.0,0.1,0.0,0.5,0.6,85.7,1.1,2.8,3.9,0.9,1.1,0.1,0.8,2.0,13.3,2,0,-1.4,2.16,109,Center,0
73,Denzel Valentine,Michigan State,14,2016-17,CHI,57,17.1,5.1,1.8,5.1,35.4,1.3,3.6,35.1,0.2,0.3,77.8,0.2,2.5,2.6,1.1,0.9,0.5,0.1,1.5,11.0,1,0,-0.3,1.93,100,NaN,0
74,Juancho Hernangomez,Movistar Estudiantes,15,2016-17,DEN,62,13.6,4.9,1.6,3.6,45.1,0.7,1.8,40.7,0.9,1.2,75.0,0.7,2.3,3.0,0.5,0.5,0.5,0.2,1.0,10.8,1,0,-0.5,2.06,97,Forward,0
75,Guerschon Yabusele,SPO Rouen Basket,16,2017-18,BOS,33,7.1,2.4,0.8,1.8,42.6,0.4,1.1,32.4,0.5,0.7,68.2,0.5,1.1,1.6,0.5,0.4,0.1,0.2,0.7,5.5,0,0,-0.2,2.03,118,Forward,0
76,Wade Baldwin IV,Vanderbilt,17,2016-17,MEM,33,12.3,3.2,1.1,3.5,31.3,0.1,0.7,13.6,0.9,1.1,83.8,0.3,1.1,1.4,1.8,1.2,0.5,0.2,1.2,8.7,0,0,-4.2,1.93,91,NaN,0
77,Henry Ellenson,Marquette,18,2016-17,DET,19,7.7,3.2,1.2,3.4,35.9,0.5,1.8,28.6,0.2,0.4,50.0,0.4,1.7,2.2,0.4,0.7,0.1,0.1,0.3,5.9,1,0,-0.2,2.08,109,NaN,0
78,Malik Beasley,Florida State,19,2016-17,DEN,22,7.5,3.8,1.5,3.3,45.2,0.4,1.3,32.1,0.4,0.5,80.0,0.2,0.5,0.8,0.5,0.4,0.3,0.0,0.5,6.0,0,0,2.6,1.93,85,Guard,0
79,Caris LeVert,Michigan,20,2016-17,BKN,57,21.7,8.2,3.0,6.7,45.0,1.0,3.2,32.1,1.2,1.6,72.0,0.4,2.9,3.3,1.9,1.0,0.9,0.1,1.6,17.0,0,0,-1.6,1.98,93,Guard,0
80,DeAndre' Bembry,Saint Joseph's,21,2016-17,ATL,38,9.8,2.7,1.2,2.6,48.0,0.0,0.5,5.6,0.2,0.4,37.5,0.4,1.2,1.6,0.7,0.4,0.2,0.1,0.6,6.2,0,0,-1.2,1.96,95,NaN,0
81,Malachi Richardson,Syracuse,22,2016-17,SAC,22,9.0,3.6,1.3,3.1,41.2,0.4,1.3,28.6,0.7,0.9,78.9,0.1,0.9,1.0,0.5,0.4,0.2,0.0,1.0,6.1,0,0,-0.8,1.98,93,NaN,0
82,Ante Zizic,KK Cibona (Croatia),23,2017-18,CLE,32,6.7,3.7,1.5,2.1,73.1,0.0,0.0,0.0,0.7,0.9,72.4,0.8,1.1,1.9,0.2,0.3,0.1,0.4,0.9,7.3,0,0,-1.2,2.08,121,Center,0
83,Timothe Luwawu-Cabarrot,KK Mega Vizura,24,2016-17,PHI,69,17.2,6.4,2.1,5.2,40.2,0.7,2.3,31.1,1.5,1.8,85.4,0.4,1.8,2.2,1.1,1.1,0.5,0.1,2.2,11.4,0,0,-0.8,2.01,98,Guard-Forward,0
84,Brice Johnson,North Carolina,25,2016-17,LAC,3,3.1,1.3,0.7,2.3,28.6,0.0,0.0,0.0,0.0,0.0,0.0,0.3,0.7,1.0,0.3,0.3,0.7,0.3,0.0,5.7,0,0,2.3,2.08,104,NaN,0
85,Furkan Korkmaz,Anadolu Efes S.K. (Turkey),26,2017-18,PHI,14,5.7,1.6,0.6,2.0,28.6,0.4,1.2,29.4,0.1,0.3,50.0,0.1,0.6,0.8,0.3,0.1,0.1,0.1,0.9,3.5,0,0,-3.1,2.01,92,Guard-Forward,0
86,Pascal Siakam,New Mexico State,27,2016-17,TOR,55,15.6,4.2,1.9,3.7,50.2,0.0,0.1,14.3,0.4,0.6,68.8,1.2,2.2,3.4,0.3,0.6,0.5,0.8,2.0,11.9,0,0,-0.9,2.03,104,Forward,0
87,Skal Labissiere,Kentucky,28,2016-17,SAC,33,18.5,8.8,3.5,6.6,53.7,0.1,0.2,37.5,1.6,2.2,70.3,1.5,3.4,4.9,0.8,1.1,0.5,0.4,1.9,17.4,2,0,-1.2,2.08,107,Forward-Center,0
88,Dejounte Murray,Washington,29,2016-17,SAS,38,8.5,3.4,1.3,3.1,43.1,0.2,0.6,39.1,0.6,0.8,70.0,0.2,0.9,1.1,1.3,1.0,0.2,0.2,0.8,6.7,0,0,0.0,1.93,82,Guard,0
89,Damian Jones,Vanderbilt,30,2016-17,GSW,10,8.5,1.9,0.8,1.6,50.0,0.0,0.0,0.0,0.3,1.0,30.0,0.9,1.4,2.3,0.0,0.6,0.1,0.4,1.5,5.6,0,0,-2.8,2.11,111,Center,0
90,Deyonta Davis,Michigan State,31,2016-17,MEM,36,6.6,1.6,0.7,1.3,51.1,0.0,0.0,0.0,0.3,0.5,55.6,0.6,1.1,1.7,0.1,0.2,0.1,0.5,1.1,5.1,0,0,-1.2,2.11,108,NaN,0
91,Ivica Zubac,KK Mega Vizura,32,2016-17,LAL,38,16.0,7.5,3.3,6.3,52.9,0.0,0.1,0.0,0.8,1.3,65.3,1.1,3.1,4.2,0.8,0.8,0.4,0.9,1.7,16.6,4,0,-3.5,2.13,109,Center,0
92,Cheick Diallo,Kansas,33,2016-17,NOP,17,11.7,5.1,2.1,4.5,47.4,0.0,0.0,0.0,0.9,1.2,71.4,1.4,2.9,4.3,0.2,0.4,0.2,0.4,1.0,12.2,3,0,-3.1,2.03,99,NaN,0
93,Tyler Ulis,Kentucky,34,2016-17,PHX,61,18.4,7.3,3.0,7.2,42.1,0.3,1.3,26.6,0.9,1.2,77.5,0.3,1.2,1.6,3.7,1.3,0.8,0.1,1.2,16.0,6,0,-2.3,1.78,73,NaN,0
94,Rade Zagorac,KK Mega Vizura,35,NaN,NaN,NaN,NaN,NaN,NaN,NaN,NaN,NaN,NaN,NaN,NaN,NaN,NaN,NaN,NaN,NaN,NaN,NaN,NaN,NaN,NaN,NaN,NaN,NaN,NaN,NaN,NaN,NaN,0
95,Malcolm Brogdon,Virginia,36,2016-17,MIL,75,26.4,10.2,3.9,8.5,45.7,1.0,2.6,40.4,1.5,1.7,86.5,0.6,2.2,2.8,4.2,1.5,1.1,0.2,1.9,22.3,2,1,1.2,1.96,104,Guard,0
96,Chinanu Onuaku,Louisville,37,2016-17,HOU,5,10.3,2.8,1.0,1.4,71.4,0.0,0.0,0.0,0.8,0.8,100,0.4,1.6,2.0,0.6,0.8,0.6,0.2,1.2,7.7,0,0,-9.0,2.08,111,Center,0
97,Patrick McCaw,Nevada-Las Vegas,38,NaN,NaN,NaN,NaN,NaN,NaN,NaN,NaN,NaN,NaN,NaN,NaN,NaN,NaN,NaN,NaN,NaN,NaN,NaN,NaN,NaN,NaN,NaN,NaN,NaN,NaN,NaN,NaN,NaN,0
98,David Michineau,Elan Chalon (France),39,NaN,NaN,NaN,NaN,NaN,NaN,NaN,NaN,NaN,NaN,NaN,NaN,NaN,NaN,NaN,NaN,NaN,NaN,NaN,NaN,NaN,NaN,NaN,NaN,NaN,NaN,NaN,NaN,NaN,0
99,Diamond Stone,Maryland,40,2016-17,LAC,7,3.5,1.4,0.4,1.9,23.1,0.0,0.0,0.0,0.6,0.6,100,0.1,0.7,0.9,0.0,0.3,0.0,0.1,0.7,2.6,0,0,-3.9,2.11,116,Center,0
100,Stephen Zimmerman,Nevada-Las Vegas,41,2016-17,ORL,19,5.7,1.2,0.5,1.6,32.3,0.0,0.0,0.0,0.2,0.3,60.0,0.6,1.3,1.8,0.2,0.2,0.1,0.3,0.9,4.7,0,0,-2.1,2.13,109,Center,0
101,Isaiah Whitehead,Seton Hall,42,2016-17,BKN,73,22.5,7.4,2.8,7.0,40.2,0.6,2.0,29.5,1.2,1.5,80.5,0.4,2.1,2.5,2.6,1.9,0.6,0.5,2.4,15.7,1,0,-1.6,1.93,97,Guard,0
102,Zhou Qi,Xinjiang Guanghui,43,2017-18,HOU,18,6.9,1.2,0.3,1.8,18.8,0.1,1.1,10.5,0.4,0.7,66.7,0.3,0.9,1.2,0.1,0.6,0.1,0.8,0.8,5.0,0,0,-3.7,2.16,95,NaN,0
103,Isaia Cordinier,Denain ASC Voltaire,44,NaN,NaN,NaN,NaN,NaN,NaN,NaN,NaN,NaN,NaN,NaN,NaN,NaN,NaN,NaN,NaN,NaN,NaN,NaN,NaN,NaN,NaN,NaN,NaN,NaN,NaN,NaN,NaN,NaN,0
104,Demetrius Jackson,Notre Dame,45,2016-17,BOS,5,3.4,2.0,0.6,0.8,75.0,0.2,0.2,100,0.6,1.2,50.0,0.4,0.4,0.8,0.6,0.0,0.0,0.0,0.0,3.9,0,0,0.2,1.85,91,NaN,0
105,AJ Hammons,Purdue,46,2016-17,DAL,22,7.4,2.2,0.8,1.9,40.5,0.2,0.5,50.0,0.4,0.9,45.0,0.4,1.3,1.6,0.2,0.5,0.0,0.6,1.0,5.9,0,0,-0.2,2.13,118,Center,0
106,Jake Layman,Maryland,47,2016-17,POR,35,7.1,2.2,0.7,2.5,29.2,0.4,1.5,25.5,0.4,0.5,76.5,0.2,0.5,0.7,0.3,0.3,0.3,0.1,0.6,4.2,0,0,0.0,2.03,95,Forward,0
107,Paul Zipser,FC Bayern Muenchen,48,2016-17,CHI,44,19.2,5.5,2.0,5.0,39.8,0.8,2.3,33.3,0.7,0.9,77.5,0.3,2.5,2.8,0.8,0.9,0.3,0.4,1.8,11.3,0,0,0.3,2.03,103,Forward,0
108,Michael Gbinije,Syracuse,49,2016-17,DET,9,3.5,0.4,0.1,1.1,10.0,0.0,0.4,0.0,0.2,0.2,100,0.2,0.1,0.3,0.2,0.0,0.0,0.0,0.2,1.2,0,0,-0.3,2.01,91,Guard-Forward,0
109,Georges Niang,Iowa State,50,2016-17,IND,23,4.0,0.9,0.4,1.6,25.0,0.0,0.5,8.3,0.1,0.1,100,0.1,0.7,0.7,0.2,0.2,0.1,0.0,0.3,2.3,0,0,0.1,2.01,104,Forward,0
110,Ben Bentil,Providence,51,2016-17,DAL,3,3.3,0.0,0.0,1.0,0.0,0.0,0.3,0.0,0.0,0.0,0.0,0.0,0.7,0.7,0.0,0.3,0.0,0.0,0.3,0.5,0,0,-4.0,2.06,107,NaN,0
111,Joel Bolomboy,Weber State,52,2016-17,UTA,12,4.4,1.8,0.8,1.3,56.3,0.1,0.3,25.0,0.3,0.5,50.0,0.3,1.1,1.4,0.2,0.2,0.1,0.2,0.1,4.4,0,0,1.0,2.06,107,NaN,0
112,Petr Cornelie,Le Mans Sarthe Basket (France),53,2021-22,DEN,13,2.9,1.1,0.4,1.2,33.3,0.1,0.6,12.5,0.2,0.3,75.0,0.5,0.5,1.1,0.2,0.3,0.1,0.1,0.5,2.9,0,0,0.6,2.11,100,NaN,0
113,Kay Felder,Oakland,54,2016-17,CLE,42,9.2,4.0,1.5,3.8,39.2,0.2,0.5,31.8,0.8,1.2,71.4,0.1,0.9,1.0,1.4,0.7,0.4,0.2,0.9,8.3,0,0,-1.3,1.75,80,Guard,0
114,Marcus Paige,North Carolina,55,2017-18,CHA,5,5.6,2.4,0.8,2.8,28.6,0.4,1.6,25.0,0.4,0.4,100,0.0,0.8,0.8,0.6,0.0,0.0,0.0,0.0,4.3,0,0,1.6,1.83,74,Guard,0
115,Daniel Hamilton,Connecticut,56,2017-18,OKC,6,4.6,2.0,0.8,1.8,45.5,0.3,0.8,40.0,0.0,0.0,0.0,0.0,0.8,0.8,1.3,0.3,0.2,0.0,0.3,5.2,0,0,-2.0,2.01,88,NaN,0
116,Wang Zhelin,Fujian,57,NaN,NaN,NaN,NaN,NaN,NaN,NaN,NaN,NaN,NaN,NaN,NaN,NaN,NaN,NaN,NaN,NaN,NaN,NaN,NaN,NaN,NaN,NaN,NaN,NaN,NaN,NaN,NaN,NaN,0
117,Abdel Nader,Iowa State,58,2017-18,BOS,48,10.9,3.0,1.0,3.1,33.6,0.5,1.4,35.4,0.5,0.8,59.0,0.3,1.2,1.5,0.5,0.7,0.3,0.2,0.9,6.5,0,0,-2.3,1.96,102,NaN,0
118,Isaiah Cousins,Oklahoma,59,NaN,NaN,NaN,NaN,NaN,NaN,NaN,NaN,NaN,NaN,NaN,NaN,NaN,NaN,NaN,NaN,NaN,NaN,NaN,NaN,NaN,NaN,NaN,NaN,NaN,NaN,NaN,NaN,NaN,0
119,Tyrone Wallace,California,60,2017-18,LAC,30,28.4,9.7,3.7,8.2,44.5,0.3,1.3,25.0,2.0,2.6,78.2,0.7,2.8,3.5,2.4,1.5,0.9,0.4,2.8,19.9,0,0,-0.8,1.96,90,NaN,0
120,Markelle Fultz,Washington,1,2017-18,PHI,14,18.1,7.1,3.2,7.9,40.5,0.0,0.1,0.0,0.7,1.5,47.6,0.8,2.3,3.1,3.8,1.2,0.9,0.3,1.6,18.7,1,1,1.4,1.93,95,Guard,0
121,Lonzo Ball,California-Los Angeles,2,2017-18,LAL,52,34.2,10.2,3.9,10.8,36.0,1.7,5.7,30.5,0.6,1.4,45.1,1.3,5.6,6.9,7.2,2.6,1.7,0.8,2.3,34.3,13,2,-0.4,1.98,86,Guard,0
122,Jayson Tatum,Duke,3,2017-18,BOS,80,30.5,13.9,5.0,10.4,47.5,1.3,3.0,43.4,2.7,3.2,82.6,0.6,4.4,5.0,1.6,1.4,1.0,0.7,2.1,26.2,4,0,4.3,2.03,95,Forward-Guard,0
123,Josh Jackson,Kansas,4,2017-18,PHX,77,25.4,13.1,5.1,12.1,41.7,0.7,2.8,26.3,2.3,3.6,63.4,1.2,3.3,4.6,1.5,1.9,1.0,0.5,2.8,23.5,5,0,-6.9,2.03,94,Guard-Forward,0
124,De'Aaron Fox,Kentucky,5,2017-18,SAC,73,27.7,11.6,4.5,10.9,41.2,0.6,2.1,30.7,1.9,2.7,72.3,0.5,2.3,2.8,4.4,2.4,1.0,0.3,2.2,22.8,3,0,-5.7,1.91,84,Guard,0
125,Jonathan Isaac,Florida State,6,2017-18,ORL,27,19.8,5.4,2.0,5.4,37.9,0.6,1.7,34.8,0.7,0.9,76.0,0.6,3.1,3.7,0.7,1.0,1.2,1.1,1.8,16.8,0,0,-3.7,2.08,104,Forward,0
126,Lauri Markkanen,Arizona,7,2017-18,CHI,68,29.7,15.2,5.5,12.7,43.4,2.1,5.9,36.2,2.1,2.4,84.3,1.2,6.3,7.5,1.2,1.2,0.6,0.6,1.5,28.2,14,0,-5.7,2.11,109,Forward-Center,0
127,Frank Ntilikina,SIG Strasbourg (France),8,2017-18,NYK,78,21.9,5.9,2.3,6.4,36.4,0.6,2.0,31.8,0.6,0.9,72.1,0.5,1.8,2.3,3.2,1.7,0.8,0.2,2.3,15.0,1,0,-1.3,1.93,91,Guard,0
128,Dennis Smith Jr.,North Carolina State,9,2017-18,DAL,69,29.7,15.2,5.9,14.8,39.5,1.5,4.9,31.3,1.9,2.8,69.4,0.7,3.0,3.8,5.2,2.8,1.0,0.3,2.2,28.6,6,1,-4.7,1.88,93,NaN,0
129,Zach Collins,Gonzaga,10,2017-18,POR,66,15.8,4.4,1.7,4.4,39.8,0.5,1.7,31.0,0.4,0.6,64.3,0.7,2.7,3.3,0.8,0.9,0.3,0.5,2.0,10.9,0,0,0.2,2.11,113,Forward-Center,0
130,Malik Monk,Kentucky,11,2017-18,CHA,63,13.5,6.7,2.4,6.7,36.0,1.3,3.9,34.2,0.5,0.6,84.2,0.1,0.9,1.0,1.4,0.8,0.3,0.1,1.0,10.7,0,0,-3.0,1.91,91,Guard,0
131,Luke Kennard,Duke,12,2017-18,DET,73,20.0,7.6,2.8,6.4,44.3,1.1,2.7,41.5,0.9,1.0,85.5,0.3,2.1,2.4,1.7,0.9,0.6,0.2,1.2,14.5,1,0,1.6,1.96,93,Guard,0
132,Donovan Mitchell,Louisville,13,2017-18,UTA,79,33.4,20.5,7.5,17.2,43.7,2.4,7.0,34.0,3.0,3.8,80.5,0.7,3.1,3.7,3.7,2.7,1.5,0.3,2.7,33.3,0,0,4.5,1.85,98,Guard,0
133,Bam Adebayo,Kentucky,14,2017-18,MIA,69,19.8,6.9,2.5,4.9,51.2,0.0,0.1,0.0,1.9,2.6,72.1,1.7,3.8,5.5,1.5,1.0,0.5,0.6,2.0,18.0,7,0,-0.4,2.06,116,Center-Forward,0
134,Justin Jackson,North Carolina,15,2017-18,SAC,68,22.2,6.7,2.7,6.2,44.2,0.8,2.7,30.8,0.4,0.5,72.2,0.4,2.4,2.8,1.1,0.6,0.4,0.2,1.2,12.8,0,0,-3.5,2.03,100,NaN,0
135,Justin Patton,Creighton,16,2017-18,MIN,1,3.7,2.0,1.0,2.0,50.0,0.0,0.0,0.0,0.0,0.0,0.0,0.0,0.0,0.0,0.0,0.0,1.0,0.0,1.0,5.0,0,0,3.0,2.11,109,NaN,0
136,D.J. Wilson,Michigan,17,2017-18,MIL,22,3.2,1.0,0.4,0.7,56.3,0.1,0.2,40.0,0.0,0.1,50.0,0.1,0.4,0.5,0.1,0.2,0.1,0.0,0.3,2.1,0,0,-1.9,2.08,105,Forward,0
137,T.J. Leaf,California-Los Angeles,18,2017-18,IND,53,8.7,2.9,1.2,2.6,47.1,0.3,0.8,42.9,0.2,0.3,62.5,0.5,1.0,1.5,0.2,0.2,0.1,0.1,0.8,5.4,0,0,-1.5,2.08,101,Forward,0
138,John Collins,Wake Forest,19,2017-18,ATL,74,24.1,10.5,4.2,7.4,57.6,0.2,0.6,34.0,1.8,2.5,71.5,2.4,4.9,7.3,1.3,1.4,0.6,1.1,2.9,25.0,11,0,-3.0,2.06,103,Forward-Center,0
139,Harry Giles III,Duke,20,2018-19,SAC,58,14.1,7.0,3.0,6.0,50.3,0.0,0.1,0.0,1.0,1.6,63.7,1.1,2.7,3.8,1.5,1.3,0.5,0.4,2.6,15.3,0,0,-1.8,2.11,109,Forward-Center,0
140,Terrance Ferguson,Adelaide 36ers (Australia),21,2017-18,OKC,61,12.5,3.1,1.1,2.8,41.4,0.7,2.0,33.3,0.1,0.2,90.0,0.3,0.5,0.8,0.3,0.2,0.4,0.2,1.4,6.0,0,0,-1.4,1.98,86,NaN,0
141,Jarrett Allen,Texas,22,2017-18,BKN,72,20.0,8.2,3.3,5.5,58.9,0.1,0.2,33.3,1.6,2.0,77.6,2.0,3.4,5.4,0.7,1.1,0.4,1.2,2.0,19.3,4,0,-2.0,2.08,110,Center,0
142,OG Anunoby,Indiana,23,2017-18,TOR,74,20.0,5.9,2.2,4.7,47.1,1.0,2.7,37.1,0.5,0.8,62.9,0.6,1.9,2.5,0.7,0.6,0.7,0.2,1.8,12.1,0,0,4.0,2.01,105,Forward,0
143,Tyler Lydon,Syracuse,24,2017-18,DEN,1,2.2,0.0,0.0,0.0,0.0,0.0,0.0,0.0,0.0,0.0,0.0,0.0,0.0,0.0,0.0,0.0,0.0,0.0,0.0,0.0,0,0,-6.0,2.08,102,Forward,0
144,Anzejs Pasecniks,CB Gran Canaria (Spain),25,2019-20,WAS,27,16.2,5.8,2.3,4.3,52.6,0.0,0.1,0.0,1.3,2.1,58.6,1.6,2.4,4.0,0.7,0.9,0.3,0.4,2.8,13.0,0,0,-0.1,2.16,104,NaN,0
145,Caleb Swanigan,Purdue,26,2017-18,POR,27,7.0,2.3,0.9,2.2,40.0,0.0,0.3,12.5,0.4,0.7,66.7,0.6,1.4,2.0,0.5,0.7,0.2,0.1,1.4,5.7,0,0,-0.4,2.06,118,Forward,0
146,Kyle Kuzma,Utah,27,2017-18,LAL,77,31.2,16.1,6.1,13.5,45.0,2.1,5.6,36.6,1.9,2.7,70.7,1.1,5.1,6.3,1.8,1.8,0.6,0.4,2.1,27.8,17,0,-1.6,2.06,100,Forward,0
147,Tony Bradley,North Carolina,28,2017-18,UTA,9,3.2,0.9,0.3,1.2,27.3,0.0,0.1,0.0,0.2,0.2,100,0.4,0.8,1.2,0.1,0.0,0.0,0.0,0.1,2.5,0,0,0.1,2.08,112,Center-Forward,0
148,Derrick White,Colorado,29,2017-18,SAS,17,8.2,3.2,0.9,1.9,48.5,0.5,0.8,61.5,0.8,1.2,70.0,0.3,1.2,1.5,0.5,0.4,0.2,0.2,0.5,6.7,0,0,1.8,1.93,86,Guard,0
149,Josh Hart,Villanova,30,2017-18,LAL,63,23.2,7.9,2.8,6.0,46.9,1.2,3.1,39.6,1.0,1.5,70.2,0.7,3.5,4.2,1.3,0.7,0.7,0.3,1.7,17.0,8,0,-1.1,1.96,98,Guard,0
150,Frank Jackson,Duke,31,2018-19,NOP,61,19.2,8.1,3.2,7.3,43.4,0.9,2.8,31.4,0.9,1.2,74.0,0.4,1.8,2.2,1.1,0.8,0.4,0.0,1.5,13.0,0,0,-2.2,1.91,93,Guard,0
151,Davon Reed,Miami (FL),32,2017-18,PHX,21,11.5,3.0,1.0,3.6,28.9,0.5,1.8,28.9,0.4,0.6,66.7,0.1,1.8,1.9,0.6,0.5,0.5,0.1,0.8,7.4,0,0,-3.6,1.96,93,Guard,0
152,Wes Iwundu,Kansas State,33,2017-18,ORL,62,16.5,3.7,1.5,3.5,42.7,0.1,0.7,19.6,0.5,0.8,72.3,0.6,1.6,2.2,0.9,0.5,0.5,0.2,1.3,9.4,0,0,-1.7,1.98,88,NaN,0
153,Frank Mason III,Kansas,34,2017-18,SAC,52,18.9,7.9,2.8,7.3,37.9,0.6,1.7,36.0,1.8,2.2,81.7,0.6,1.9,2.5,2.8,1.3,0.7,0.2,1.4,16.5,0,0,-0.7,1.80,86,NaN,0
154,Ivan Rabb,California,35,2017-18,MEM,36,14.3,5.6,2.4,4.2,56.6,0.0,0.0,0.0,0.8,1.0,80.6,1.5,2.9,4.4,0.9,1.0,0.3,0.4,1.5,13.3,3,0,-2.7,2.08,100,Forward,0
155,Jonah Bolden,Red Star Belgrade (Serbia),36,2018-19,PHI,44,14.5,4.7,1.8,3.7,49.4,0.8,2.2,35.4,0.3,0.6,48.1,1.1,2.7,3.8,0.9,0.8,0.4,0.9,2.3,13.6,1,0,-0.7,2.03,102,NaN,0
156,Semi Ojeleye,Southern Methodist,37,NaN,NaN,NaN,NaN,NaN,NaN,NaN,NaN,NaN,NaN,NaN,NaN,NaN,NaN,NaN,NaN,NaN,NaN,NaN,NaN,NaN,NaN,NaN,NaN,NaN,NaN,1.98,109,Forward,0
157,Jordan Bell,Oregon,38,2017-18,GSW,57,14.2,4.6,2.0,3.2,62.7,0.0,0.1,0.0,0.5,0.8,68.2,1.1,2.6,3.6,1.8,0.9,0.6,1.0,1.6,15.5,1,0,2.8,2.01,98,NaN,0
158,Jawun Evans,Oklahoma State,39,2017-18,LAC,48,16.2,4.8,1.9,5.3,35.2,0.3,1.1,27.8,0.8,1.0,77.6,0.2,1.6,1.8,2.1,0.9,0.8,0.1,2.0,11.7,0,0,0.2,1.83,86,Guard,0
159,Dwayne Bacon,Florida State,40,NaN,NaN,NaN,NaN,NaN,NaN,NaN,NaN,NaN,NaN,NaN,NaN,NaN,NaN,NaN,NaN,NaN,NaN,NaN,NaN,NaN,NaN,NaN,NaN,NaN,NaN,NaN,NaN,NaN,0
160,Tyler Dorsey,Oregon,41,2017-18,ATL,56,17.4,7.2,2.6,6.8,37.7,1.3,3.6,36.2,0.8,1.1,71.4,0.3,2.0,2.3,1.4,0.7,0.3,0.1,1.1,12.7,0,0,-2.7,1.96,83,Guard,0
161,Thomas Bryant,Indiana,42,NaN,NaN,NaN,NaN,NaN,NaN,NaN,NaN,NaN,NaN,NaN,NaN,NaN,NaN,NaN,NaN,NaN,NaN,NaN,NaN,NaN,NaN,NaN,NaN,NaN,NaN,NaN,NaN,NaN,0
162,Isaiah Hartenstein,BC Zalgiris (Lithuania),43,2018-19,HOU,28,7.9,1.9,0.7,1.5,48.8,0.1,0.2,33.3,0.4,0.5,78.6,0.8,0.9,1.7,0.5,0.5,0.3,0.4,2.0,6.3,0,0,1.4,2.13,113,Center-Forward,0
163,Damyean Dotson,Houston,44,2017-18,NYK,44,10.8,4.1,1.6,3.7,44.7,0.5,1.5,32.4,0.4,0.5,69.6,0.2,1.7,1.9,0.7,0.4,0.3,0.0,0.8,8.1,2,0,-0.9,1.96,95,NaN,0
164,Dillon Brooks,Oregon,45,2017-18,MEM,82,28.7,11.0,4.1,9.4,44.0,1.1,3.2,35.6,1.5,2.0,74.7,0.6,2.5,3.1,1.6,1.5,0.9,0.2,2.8,19.0,0,0,-3.0,2.01,102,Guard-Forward,0
165,Sterling Brown,Southern Methodist,46,2017-18,MIL,54,14.4,4.0,1.5,3.8,40.0,0.6,1.7,35.2,0.4,0.4,87.5,0.5,2.1,2.6,0.5,0.5,0.6,0.2,1.5,9.9,0,0,-0.9,1.96,99,Guard-Forward,0
166,Ike Anigbogu,California-Los Angeles,47,2017-18,IND,11,2.7,1.2,0.4,0.8,44.4,0.0,0.0,0.0,0.5,0.5,83.3,0.5,0.4,0.8,0.0,0.2,0.1,0.3,0.1,3.1,0,0,-1.3,2.08,113,NaN,0
167,Sindarius Thornwell,South Carolina,48,2017-18,LAC,73,15.8,3.9,1.4,3.2,42.9,0.3,0.8,37.7,0.8,1.2,67.0,0.5,1.5,1.9,0.9,0.7,0.7,0.3,1.7,9.8,0,0,-1.4,1.93,98,Guard,0
168,Vlatko Cancar,KK Mega Leks (Serbia),49,2019-20,DEN,14,3.2,1.2,0.4,1.1,40.0,0.1,0.4,16.7,0.3,0.3,100,0.4,0.4,0.7,0.2,0.2,0.1,0.1,0.5,2.6,0,0,-0.6,2.03,107,Forward,0
169,Mathias Lessort,Nanterre 92 (France),50,NaN,NaN,NaN,NaN,NaN,NaN,NaN,NaN,NaN,NaN,NaN,NaN,NaN,NaN,NaN,NaN,NaN,NaN,NaN,NaN,NaN,NaN,NaN,NaN,NaN,NaN,NaN,NaN,NaN,0
170,Monte Morris,Iowa State,51,2017-18,DEN,3,8.4,3.3,1.3,2.0,66.7,0.0,0.3,0.0,0.7,0.7,100,0.0,0.7,0.7,2.3,0.3,1.0,0.0,0.3,10.3,0,0,-2.3,1.88,83,Guard,0
171,Edmond Sumner,Xavier,52,2017-18,IND,1,2.2,2.0,1.0,1.0,100,0.0,0.0,0.0,0.0,0.0,0.0,0.0,1.0,1.0,0.0,0.0,0.0,0.0,1.0,3.2,0,0,-6.0,1.93,89,Guard,0
172,Kadeem Allen,Arizona,53,2017-18,BOS,18,6.0,1.1,0.3,1.2,27.3,0.0,0.6,0.0,0.4,0.5,77.8,0.2,0.4,0.6,0.7,0.5,0.2,0.1,0.8,3.1,0,0,-1.1,1.85,91,NaN,0
173,Alec Peters,Valparaiso,54,2017-18,PHX,20,11.2,4.1,1.4,3.7,37.8,0.9,2.9,31.0,0.4,0.5,80.0,0.4,1.5,1.9,0.6,0.2,0.1,0.1,0.7,7.6,0,0,1.8,2.06,107,Forward,0
174,Nigel Williams-Goss,Gonzaga,55,2019-20,UTA,10,5.0,1.4,0.5,1.6,31.3,0.2,0.7,28.6,0.2,0.2,100,0.2,0.4,0.6,0.6,0.3,0.3,0.1,0.6,3.9,0,0,0.3,1.88,86,Guard,0
175,Jabari Bird,California,56,2017-18,BOS,13,8.8,3.0,1.2,2.0,57.7,0.2,0.5,42.9,0.5,1.0,46.2,0.5,1.0,1.5,0.6,0.6,0.2,0.1,0.5,6.0,0,0,1.4,1.98,90,Guard,0
176,Aleksandar Vezenkov,FC Barcelona Basquet (Spain),57,NaN,NaN,NaN,NaN,NaN,NaN,NaN,NaN,NaN,NaN,NaN,NaN,NaN,NaN,NaN,NaN,NaN,NaN,NaN,NaN,NaN,NaN,NaN,NaN,NaN,NaN,NaN,NaN,NaN,0
177,Ognjen Jaramaz,KK Mega Leks (Serbia),58,NaN,NaN,NaN,NaN,NaN,NaN,NaN,NaN,NaN,NaN,NaN,NaN,NaN,NaN,NaN,NaN,NaN,NaN,NaN,NaN,NaN,NaN,NaN,NaN,NaN,NaN,NaN,NaN,NaN,0
178,Jaron Blossomgame,Clemson,59,2018-19,CLE,27,16.3,4.2,1.7,3.9,44.3,0.4,1.4,25.6,0.4,0.5,76.9,1.0,2.7,3.6,0.5,0.4,0.3,0.3,0.7,10.6,1,0,-1.6,2.03,100,Forward,0
179,Alpha Kaba,KK Mega Leks (Serbia),60,NaN,NaN,NaN,NaN,NaN,NaN,NaN,NaN,NaN,NaN,NaN,NaN,NaN,NaN,NaN,NaN,NaN,NaN,NaN,NaN,NaN,NaN,NaN,NaN,NaN,NaN,NaN,NaN,NaN,0
180,Deandre Ayton,Arizona,1,2018-19,PHX,71,30.7,16.3,7.2,12.3,58.5,0.0,0.1,0.0,2.0,2.7,74.6,3.1,7.1,10.3,1.8,1.8,0.9,0.9,2.9,34.9,39,0,-5.4,2.11,113,Center,0
181,Marvin Bagley III,Duke,2,2018-19,SAC,62,25.3,14.9,5.7,11.4,50.4,0.5,1.5,31.3,2.9,4.2,69.1,2.6,5.0,7.6,1.0,1.6,0.5,1.0,1.9,28.4,19,0,-1.7,2.11,107,Forward,0
182,Luka Doncic,Real Madrid Baloncesto (Spain),3,2018-19,DAL,72,32.2,21.2,7.0,16.5,42.7,2.3,7.1,32.7,4.8,6.7,71.3,1.2,6.6,7.8,6.0,3.4,1.1,0.3,1.9,40.3,24,8,-1.6,2.01,104,Forward-Guard,1
183,Jaren Jackson Jr.,Michigan State,4,2018-19,MEM,58,26.1,13.8,5.1,10.2,50.6,0.9,2.4,35.9,2.6,3.4,76.6,1.3,3.4,4.7,1.1,1.7,0.9,1.4,3.8,26.3,2,0,-1.8,2.11,110,Forward-Center,0
184,Trae Young,Oklahoma,5,2018-19,ATL,81,30.9,19.1,6.5,15.5,41.8,1.9,6.0,32.4,4.2,5.1,82.9,0.8,2.9,3.7,8.1,3.8,0.9,0.2,1.7,35.1,30,1,-4.1,1.85,74,Guard,0
185,Mo Bamba,Texas,6,2018-19,ORL,47,16.3,6.2,2.5,5.2,48.1,0.4,1.5,30.0,0.8,1.3,58.7,1.4,3.6,5.0,0.8,0.9,0.3,1.4,2.2,17.4,1,0,-5.1,2.13,105,Center,0
186,Wendell Carter Jr.,Duke,7,2018-19,CHI,44,25.2,10.3,4.1,8.4,48.5,0.1,0.7,18.8,2.0,2.5,79.5,2.0,5.0,7.0,1.8,1.5,0.6,1.3,3.5,25.6,7,0,-6.6,2.08,122,Center-Forward,0
187,Collin Sexton,Alabama,8,2018-19,CLE,82,31.8,16.7,6.3,14.7,43.0,1.5,3.6,40.2,2.6,3.1,83.9,0.7,2.2,2.9,3.0,2.3,0.5,0.1,2.3,24.2,2,0,-8.2,1.85,86,Guard,0
188,Kevin Knox II,Kentucky,9,2018-19,NYK,75,28.8,12.8,4.5,12.2,37.0,1.7,4.9,34.3,2.2,3.0,71.7,0.8,3.7,4.5,1.1,1.5,0.6,0.3,2.3,21.0,3,0,-8.5,2.01,98,Forward,0
189,Mikal Bridges,Villanova,10,2018-19,PHX,82,29.5,8.3,3.0,6.9,43.0,1.3,3.8,33.5,1.2,1.4,80.5,0.7,2.5,3.2,2.1,0.9,1.6,0.5,2.5,20.6,0,0,-4.7,1.98,95,Forward,0
190,Shai Gilgeous-Alexander,Kentucky,11,2018-19,LAC,82,26.5,10.8,4.2,8.7,47.6,0.6,1.7,36.7,1.9,2.4,80.0,0.7,2.1,2.8,3.3,1.7,1.2,0.5,2.1,22.6,1,0,-1.3,1.98,82,Guard,0
191,Miles Bridges,Michigan State,12,2018-19,CHA,80,21.2,7.5,3.0,6.4,46.4,0.8,2.5,32.5,0.7,1.0,75.3,0.8,3.2,4.0,1.2,0.6,0.7,0.6,1.4,17.4,1,0,-1.6,2.01,102,Forward,0
192,Jerome Robinson,Boston College,13,2018-19,LAC,33,9.7,3.4,1.3,3.3,40.0,0.5,1.7,31.6,0.2,0.3,66.7,0.1,1.2,1.2,0.6,0.4,0.3,0.1,1.4,6.6,0,0,-0.7,1.93,86,NaN,0
193,Michael Porter Jr.,Missouri,14,2019-20,DEN,55,16.4,9.3,3.5,7.0,50.9,1.1,2.7,42.2,1.1,1.3,83.3,1.2,3.5,4.7,0.8,0.9,0.5,0.5,1.8,18.2,9,0,0.4,2.08,99,Forward,0
194,Troy Brown Jr.,Oregon,15,2018-19,WAS,52,14.0,4.8,1.9,4.5,41.5,0.4,1.3,31.9,0.6,0.9,68.1,0.7,2.1,2.8,1.5,0.6,0.4,0.1,1.1,11.3,0,0,0.0,1.98,98,Guard-Forward,0
195,Zhaire Smith,Texas Tech,16,2018-19,PHI,6,18.4,6.7,2.3,5.7,41.2,1.0,2.7,37.5,1.0,1.3,75.0,0.5,1.7,2.2,1.7,1.0,0.3,0.3,1.3,12.8,0,0,2.3,1.91,93,Guard,0
196,Donte DiVincenzo,Villanova,17,2018-19,MIL,27,15.2,4.9,1.9,4.6,40.3,0.8,3.1,26.5,0.3,0.4,75.0,0.6,1.8,2.4,1.1,0.7,0.5,0.2,1.4,10.9,0,0,4.0,1.93,92,Guard,0
197,Lonnie Walker IV,Miami (FL),18,2018-19,SAS,17,6.9,2.6,0.9,2.7,34.8,0.3,0.8,38.5,0.5,0.6,80.0,0.0,1.0,1.0,0.5,0.2,0.4,0.2,0.4,6.2,0,0,-3.2,1.93,93,Guard-Forward,0
198,Kevin Huerter,Maryland,19,2018-19,ATL,75,27.3,9.7,3.7,8.8,41.9,1.8,4.7,38.5,0.5,0.7,73.2,0.8,2.5,3.3,2.9,1.5,0.9,0.3,2.1,20.0,1,0,-1.6,2.01,90,Guard-Forward,0
199,Josh Okogie,Georgia Tech,20,2018-19,MIN,74,23.7,7.7,2.6,6.9,38.6,0.8,2.9,27.9,1.6,2.2,72.8,0.6,2.4,2.9,1.2,0.9,1.2,0.4,2.2,17.1,1,0,-0.7,1.93,97,Guard,0
200,Grayson Allen,Duke,21,2018-19,UTA,38,11.0,5.6,1.8,4.7,37.6,0.8,2.6,32.3,1.2,1.6,75.0,0.1,0.5,0.6,0.7,0.9,0.2,0.2,1.2,7.3,0,0,-3.1,1.93,90,Guard,0
201,Chandler Hutchison,Boise State,22,2018-19,CHI,44,20.3,5.2,2.2,4.8,45.9,0.3,1.1,28.0,0.5,0.9,60.5,0.7,3.5,4.2,0.8,0.6,0.5,0.1,1.3,12.8,1,0,-2.6,1.98,95,Forward-Guard,0
202,Aaron Holiday,California-Los Angeles,23,2018-19,IND,50,12.9,5.9,2.1,5.2,40.1,0.9,2.5,33.9,0.8,1.0,82.0,0.1,1.2,1.3,1.7,0.8,0.4,0.3,1.4,11.3,0,0,2.0,1.83,84,Guard,0
203,Anfernee Simons,IMG Academy,24,2018-19,POR,20,7.0,3.8,1.4,3.2,44.4,0.5,1.5,34.5,0.5,0.8,56.3,0.2,0.5,0.7,0.7,0.6,0.1,0.0,0.5,5.1,0,0,-2.6,1.91,82,Guard,0
204,Moritz Wagner,Michigan,25,2018-19,LAL,43,10.4,4.8,1.7,4.0,41.5,0.5,1.8,28.6,1.0,1.2,81.1,0.4,1.6,2.0,0.6,0.9,0.3,0.3,1.3,8.8,0,0,-2.3,2.11,111,Forward-Center,0
205,Landry Shamet,Wichita State,26,2018-19,PHI,54,20.5,8.3,2.8,6.4,44.1,1.8,4.5,40.4,0.8,1.0,81.5,0.3,1.2,1.4,1.1,0.5,0.4,0.1,2.0,13.0,0,0,-0.6,1.93,86,Guard,0
206,Robert Williams III,Texas A&M,27,2018-19,BOS,32,8.8,2.5,1.1,1.6,70.6,0.0,0.0,0.0,0.3,0.5,60.0,0.8,1.7,2.5,0.2,0.3,0.3,1.3,1.1,10.2,0,0,-1.6,2.06,108,Center-Forward,0
207,Jacob Evans,Cincinnati,28,2018-19,GSW,30,6.8,1.3,0.6,1.8,34.0,0.1,0.5,26.7,0.0,0.0,0.0,0.2,0.6,0.8,0.8,0.4,0.2,0.1,0.9,3.9,0,0,-1.2,1.93,95,Guard-Forward,0
208,Dzanan Musa,KK Cedevita (Croatia),29,2018-19,BKN,9,4.4,2.1,1.0,2.4,40.9,0.1,1.1,10.0,0.0,0.2,0.0,0.1,0.4,0.6,0.2,0.4,0.2,0.0,0.1,3.3,0,0,1.1,2.06,98,Guard-Forward,0
209,Omari Spellman,Villanova,30,2018-19,ATL,46,17.5,5.9,2.1,5.3,40.2,1.0,2.8,34.4,0.7,1.0,71.1,1.6,2.7,4.2,1.0,0.7,0.6,0.5,1.5,15.2,4,0,-4.4,2.03,111,Forward,0
210,Elie Okobo,Elan Bearnais Pau-Orthez (France),31,2018-19,PHX,53,18.1,5.7,2.2,5.5,39.3,0.7,2.5,29.5,0.7,0.9,78.7,0.2,1.6,1.8,2.4,1.3,0.6,0.1,2.1,12.5,0,0,-4.0,1.91,86,Forward-Guard,0
211,Jevon Carter,West Virginia,32,2018-19,MEM,39,14.8,4.4,1.4,4.7,30.3,0.9,2.6,33.3,0.7,0.8,81.3,0.4,1.3,1.7,1.8,0.8,0.7,0.3,1.4,11.1,0,0,-2.3,1.85,91,Guard,0
212,Jalen Brunson,Villanova,33,2018-19,DAL,73,21.8,9.3,3.6,7.7,46.7,0.9,2.5,34.8,1.2,1.6,72.5,0.3,2.0,2.3,3.2,1.2,0.5,0.1,1.7,17.3,3,0,-1.1,1.85,86,Guard,0
213,Devonte' Graham,Kansas,34,2018-19,CHA,46,14.7,4.7,1.6,4.7,34.3,0.7,2.6,28.1,0.8,1.0,76.1,0.2,1.2,1.4,2.6,0.7,0.5,0.0,1.0,11.3,0,0,-2.2,1.85,88,Guard,0
214,Melvin Frazier,Tulane,35,2018-19,ORL,10,4.4,1.5,0.7,2.1,33.3,0.0,0.6,0.0,0.1,0.4,25.0,0.3,0.2,0.5,0.1,0.1,0.1,0.0,0.6,2.5,0,0,-0.9,1.96,98,Guard-Forward,0
215,Mitchell Robinson,,36,2018-19,NYK,66,20.6,7.3,3.1,4.4,69.4,0.0,0.0,0.0,1.2,2.0,60.0,2.7,3.7,6.4,0.6,0.5,0.8,2.4,3.3,25.0,11,0,-3.1,2.13,109,Center-Forward,0
216,Gary Trent Jr.,Duke,37,2018-19,POR,15,7.4,2.7,1.1,3.3,32.0,0.3,1.4,23.8,0.2,0.5,42.9,0.1,0.7,0.7,0.3,0.3,0.1,0.1,0.3,4.4,0,0,-0.5,1.96,95,Guard-Forward,0
217,Khyri Thomas,Creighton,38,2018-19,DET,26,7.5,2.3,0.8,2.7,31.9,0.4,1.3,28.6,0.3,0.4,63.6,0.2,0.6,0.8,0.3,0.2,0.3,0.2,0.8,5.0,0,0,-1.3,1.91,95,Guard,0
218,Isaac Bonga,Fraport Skyliners (Germany),39,2018-19,LAL,22,5.5,0.9,0.2,1.5,15.2,0.0,0.4,0.0,0.4,0.7,60.0,0.4,0.7,1.1,0.7,0.3,0.4,0.2,0.4,4.8,0,0,0.6,2.03,82,Guard,0
219,Rodions Kurucs,FC Barcelona Basquet (Spain),40,NaN,NaN,NaN,NaN,NaN,NaN,NaN,NaN,NaN,NaN,NaN,NaN,NaN,NaN,NaN,NaN,NaN,NaN,NaN,NaN,NaN,NaN,NaN,NaN,NaN,NaN,NaN,NaN,NaN,0
220,Jarred Vanderbilt,Kentucky,41,2018-19,DEN,17,4.1,1.4,0.5,1.1,47.4,0.0,0.1,0.0,0.4,0.6,60.0,0.4,0.9,1.4,0.2,0.5,0.4,0.1,0.5,4.1,0,0,0.6,2.06,97,Forward,0
221,Bruce Brown,Miami (FL),42,2018-19,DET,74,19.6,4.3,1.7,4.2,39.8,0.3,1.3,25.8,0.6,0.8,75.0,0.6,1.9,2.5,1.2,0.6,0.5,0.5,2.4,11.6,0,0,-0.1,1.93,92,Guard-Forward,0
222,Justin Jackson,Maryland,43,NaN,NaN,NaN,NaN,NaN,NaN,NaN,NaN,NaN,NaN,NaN,NaN,NaN,NaN,NaN,NaN,NaN,NaN,NaN,NaN,NaN,NaN,NaN,NaN,NaN,NaN,NaN,NaN,NaN,0
223,Issuf Sanon,KK Olimpija (Slovenia),44,NaN,NaN,NaN,NaN,NaN,NaN,NaN,NaN,NaN,NaN,NaN,NaN,NaN,NaN,NaN,NaN,NaN,NaN,NaN,NaN,NaN,NaN,NaN,NaN,NaN,NaN,NaN,NaN,NaN,0
224,Hamidou Diallo,Kentucky,45,2018-19,OKC,51,10.3,3.7,1.5,3.2,45.5,0.1,0.5,16.7,0.7,1.2,61.0,0.7,1.2,1.9,0.3,0.5,0.4,0.2,1.5,7.9,0,0,-1.5,1.96,92,Guard,0
225,De'Anthony Melton,Southern California,46,2018-19,PHX,50,19.7,5.0,2.0,5.1,39.1,0.6,1.9,30.5,0.4,0.6,75.0,0.5,2.2,2.7,3.2,1.5,1.4,0.5,2.3,16.9,0,0,-3.4,1.88,91,Guard,0
226,Svi Mykhailiuk,Kansas,47,2018-19,LAL,39,10.8,3.3,1.1,3.4,33.3,0.7,2.2,31.8,0.3,0.5,60.0,0.2,0.7,0.9,0.8,0.5,0.3,0.0,0.6,6.1,0,0,0.1,2.01,93,Guard-Forward,0
227,Keita Bates-Diop,Ohio State,48,2018-19,MIN,30,16.8,5.0,2.0,4.7,42.3,0.4,1.7,25.0,0.6,0.9,64.3,0.5,2.2,2.8,0.6,0.5,0.6,0.5,1.0,11.9,0,0,-1.8,2.03,104,Forward,0
228,Chimezie Metu,Southern California,49,2018-19,SAS,29,5.0,1.8,0.7,2.0,32.8,0.0,0.1,0.0,0.4,0.6,76.5,0.3,0.9,1.2,0.4,0.5,0.2,0.1,0.5,4.2,0,0,0.0,2.06,102,Forward-Center,0
229,Alize Johnson,Missouri State,50,2018-19,IND,14,4.6,0.9,0.3,1.1,25.0,0.1,0.1,50.0,0.3,0.6,50.0,0.3,1.1,1.4,0.1,0.0,0.1,0.2,0.5,3.5,0,0,0.1,2.03,96,NaN,0
230,Tony Carr,Penn State,51,NaN,NaN,NaN,NaN,NaN,NaN,NaN,NaN,NaN,NaN,NaN,NaN,NaN,NaN,NaN,NaN,NaN,NaN,NaN,NaN,NaN,NaN,NaN,NaN,NaN,NaN,NaN,NaN,NaN,0
231,Vince Edwards,Purdue,52,2018-19,HOU,2,7.9,1.5,0.5,2.0,25.0,0.5,2.0,25.0,0.0,0.0,0.0,0.5,0.5,1.0,0.0,0.0,0.0,0.0,0.0,2.7,0,0,-1.0,2.03,102,Forward,0
232,Devon Hall,Virginia,53,2019-20,OKC,11,7.3,1.8,0.5,2.7,20.0,0.4,1.5,23.5,0.4,0.7,50.0,0.2,0.5,0.6,1.2,0.5,0.4,0.1,0.5,5.3,0,0,0.8,1.96,98,Guard,0
233,Shake Milton,Southern Methodist,54,2018-19,PHI,20,13.4,4.4,1.7,4.4,39.1,0.7,2.2,31.8,0.3,0.4,71.4,0.5,1.3,1.8,0.9,0.3,0.4,0.4,1.5,9.9,0,0,-0.1,1.96,93,Guard-Forward,0
234,Arnoldas Kulboka,Brose Bamberg (Germany),55,2021-22,CHA,2,2.7,0.0,0.0,0.5,0.0,0.0,0.5,0.0,0.0,0.0,0.0,0.0,0.0,0.0,0.0,0.0,0.0,0.0,0.5,0.0,0,0,-6.0,2.08,95,Forward,0
235,Ray Spalding,Louisville,56,2018-19,DAL,1,0.9,0.0,0.0,0.0,0.0,0.0,0.0,0.0,0.0,0.0,0.0,0.0,0.0,0.0,0.0,0.0,0.0,0.0,0.0,0.0,0,0,-2.0,2.06,102,NaN,0
236,Kevin Hervey,Texas-Arlington,57,2019-20,OKC,10,5.2,1.7,0.7,2.7,25.9,0.3,2.0,15.0,0.0,0.0,0.0,0.1,1.1,1.2,0.5,0.0,0.1,0.1,0.4,4.5,0,0,-3.4,2.06,104,Forward,0
237,Thomas Welsh,California-Los Angeles,58,2018-19,DEN,11,3.3,1.6,0.6,1.2,53.8,0.3,0.6,42.9,0.1,0.2,50.0,0.0,0.4,0.4,0.5,0.1,0.0,0.0,0.3,2.7,0,0,0.2,2.13,116,Center,0
238,George King,Colorado,59,2018-19,PHX,1,5.9,0.0,0.0,0.0,0.0,0.0,0.0,0.0,0.0,0.0,0.0,0.0,1.0,1.0,0.0,0.0,0.0,0.0,0.0,1.2,0,0,-9.0,1.98,100,NaN,0
239,Kostas Antetokounmpo,Dayton,60,2018-19,DAL,2,5.3,1.0,0.0,1.5,0.0,0.0,0.0,0.0,1.0,2.0,50.0,0.0,0.5,0.5,0.0,0.5,1.0,0.0,0.0,4.1,0,0,1.5,2.08,91,Forward,0
240,Zion Williamson,Duke,1,2019-20,NOP,24,27.8,22.5,8.8,15.0,58.3,0.3,0.6,42.9,4.8,7.4,64.0,2.7,3.6,6.3,2.1,2.5,0.7,0.4,1.8,33.8,2,0,2.6,1.98,129,Forward,0
241,Ja Morant,Murray State,2,2019-20,MEM,67,31.0,17.8,6.7,14.0,47.7,0.9,2.7,33.5,3.6,4.6,77.6,0.8,3.1,3.9,7.3,3.3,0.9,0.3,1.6,33.5,15,2,-0.3,1.91,79,Guard,1
242,RJ Barrett,Duke,3,2019-20,NYK,56,30.4,14.3,5.2,13.0,40.2,1.1,3.5,32.0,2.8,4.5,61.4,0.9,4.1,5.0,2.6,2.2,1.0,0.3,2.2,25.8,2,0,-5.8,1.98,97,Forward-Guard,0
243,De'Andre Hunter,Virginia,4,2019-20,ATL,63,32.0,12.3,4.4,10.8,41.0,1.7,4.8,35.5,1.7,2.3,76.4,0.7,3.8,4.5,1.8,1.6,0.7,0.3,2.9,21.8,3,0,-4.1,2.03,100,Forward-Guard,0
244,Darius Garland,Vanderbilt,5,2019-20,CLE,59,30.9,12.3,4.7,11.8,40.1,1.8,5.0,35.5,1.1,1.2,87.5,0.5,1.4,1.9,3.9,2.6,0.7,0.1,1.6,20.2,1,0,-5.0,1.85,87,Guard,0
245,Jarrett Culver,Texas Tech,6,2019-20,MIN,63,23.9,9.2,3.7,9.0,40.4,1.0,3.5,29.9,0.9,1.9,46.2,1.1,2.3,3.4,1.7,1.3,0.9,0.6,2.0,19.1,0,0,-1.6,1.98,88,Guard-Forward,0
246,Coby White,North Carolina,7,2019-20,CHI,65,25.8,13.2,4.8,12.2,39.4,2.0,5.8,35.4,1.6,2.0,79.1,0.4,3.1,3.5,2.7,1.7,0.8,0.1,1.8,22.4,0,0,-2.5,1.93,88,Guard,0
247,Jaxson Hayes,Texas,8,2019-20,NOP,64,16.9,7.4,2.7,4.0,67.2,0.0,0.1,25.0,1.9,3.0,64.7,1.5,2.5,4.0,0.9,0.8,0.4,0.9,2.5,16.5,3,0,-0.9,2.11,100,Center-Forward,0
248,Rui Hachimura,Gonzaga,9,2019-20,WAS,48,30.1,13.5,5.3,11.4,46.6,0.5,1.8,28.7,2.4,2.9,82.9,1.6,4.5,6.1,1.8,1.1,0.8,0.2,2.2,25.3,3,0,-5.3,2.03,104,Forward,0
249,Cam Reddish,Duke,10,2019-20,ATL,58,26.7,10.5,3.7,9.6,38.4,1.4,4.3,33.2,1.7,2.2,80.2,0.6,3.1,3.7,1.5,1.7,1.1,0.5,2.3,20.2,0,0,-4.2,2.03,98,Forward-Guard,0
250,Cameron Johnson,North Carolina,11,2019-20,PHX,57,22.0,8.8,3.1,7.1,43.5,1.9,4.8,39.0,0.8,1.0,80.7,0.9,2.4,3.3,1.2,0.6,0.6,0.4,1.5,17.0,2,0,0.2,2.03,95,Forward,0
251,P.J. Washington,Kentucky,12,2019-20,CHA,58,30.3,12.2,4.6,10.2,45.5,1.5,4.0,37.4,1.5,2.3,64.7,1.0,4.4,5.4,2.1,1.6,0.9,0.8,2.7,25.3,4,0,-3.8,2.01,104,Forward,0
252,Tyler Herro,Kentucky,13,2019-20,MIA,55,27.4,13.5,4.9,11.5,42.8,2.1,5.4,38.9,1.6,1.8,87.0,0.3,3.8,4.1,2.2,1.6,0.6,0.2,1.4,22.5,1,0,-0.4,1.96,88,Guard,0
253,Romeo Langford,Indiana,14,2019-20,BOS,32,11.6,2.5,0.9,2.5,35.0,0.2,0.8,18.5,0.6,0.8,72.0,0.5,0.8,1.3,0.4,0.3,0.3,0.3,1.0,5.8,0,0,2.1,1.96,98,Guard-Forward,0
254,Sekou Doumbouya,Limoges CSP (France),15,2019-20,DET,38,19.8,6.4,2.4,6.2,39.0,0.7,2.6,28.6,0.8,1.2,67.4,0.5,2.6,3.1,0.5,0.9,0.5,0.2,2.1,12.2,2,0,-4.6,2.06,104,NaN,0
255,Chuma Okeke,Auburn,16,2020-21,ORL,45,25.2,7.8,3.0,7.2,41.7,1.1,3.1,34.8,0.7,0.9,75.0,0.9,3.1,4.0,2.2,0.8,1.1,0.5,1.1,19.8,0,0,-4.0,1.98,104,Forward,0
256,Nickeil Alexander-Walker,Virginia Tech,17,2019-20,NOP,47,12.6,5.7,2.1,5.7,36.8,1.0,2.8,34.6,0.5,0.8,67.6,0.2,1.6,1.8,1.9,1.1,0.4,0.2,1.2,11.1,0,0,-1.2,1.96,93,Guard,0
257,Goga Bitadze,KK Mega Leks (Serbia),18,2019-20,IND,54,8.7,3.2,1.3,2.8,46.7,0.1,0.8,19.0,0.4,0.6,72.7,0.5,1.5,2.0,0.4,0.5,0.2,0.7,1.2,8.3,1,0,-0.3,2.13,113,Center-Forward,0
258,Luka Samanic,KK Olimpija (Slovenia),19,2019-20,SAS,3,16.1,5.3,1.7,5.3,31.3,1.0,2.7,37.5,1.0,1.3,75.0,0.3,3.0,3.3,2.0,0.7,0.0,0.7,2.0,13.7,0,0,1.7,2.08,103,Forward,0
259,Matisse Thybulle,Washington,20,2019-20,PHI,65,19.8,4.7,1.7,4.1,42.3,0.9,2.4,35.7,0.4,0.6,61.0,0.7,1.0,1.6,1.2,0.8,1.4,0.7,2.2,14.2,0,0,0.6,1.96,91,Guard-Forward,0
260,Brandon Clarke,Gonzaga,21,2019-20,MEM,58,22.4,12.1,5.1,8.3,61.8,0.4,1.1,35.9,1.5,1.9,75.9,1.6,4.4,5.9,1.4,0.9,0.6,0.8,1.7,24.5,3,0,-0.3,2.03,98,Forward,0
261,Grant Williams,Tennessee,22,2019-20,BOS,69,15.1,3.4,1.3,3.1,41.2,0.3,1.4,25.0,0.6,0.8,72.2,0.9,1.7,2.6,1.0,0.7,0.4,0.5,2.4,10.2,0,0,1.9,1.98,107,Forward,0
262,Darius Bazley,Princeton,23,2019-20,OKC,61,18.5,5.6,2.0,5.2,39.4,0.8,2.3,34.8,0.7,1.0,69.4,0.5,3.5,4.0,0.7,0.7,0.4,0.7,0.9,13.9,1,0,-1.3,2.03,94,Forward,0
263,Ty Jerome,Virginia,24,2019-20,PHX,31,10.6,3.3,1.2,3.6,33.6,0.5,1.6,28.0,0.4,0.5,75.0,0.2,1.3,1.5,1.4,0.6,0.5,0.1,0.9,8.4,0,0,-3.3,1.96,88,Guard-Forward,0
264,Nassir Little,North Carolina,25,2019-20,POR,48,11.9,3.6,1.4,3.1,43.0,0.3,1.2,23.7,0.6,0.9,63.6,0.6,1.6,2.3,0.5,0.3,0.3,0.3,1.5,8.3,1,0,-1.1,1.96,100,Forward-Guard,0
265,Dylan Windler,Belmont,26,2020-21,CLE,31,16.5,5.2,1.8,4.2,43.8,0.8,2.5,33.8,0.7,0.9,77.8,0.6,2.8,3.5,1.1,1.0,0.6,0.4,1.2,12.9,1,0,-2.0,1.98,89,Guard-Forward,0
266,Mfiondu Kabengele,Florida State,27,2019-20,LAC,12,5.4,3.5,1.2,2.7,43.8,0.8,1.7,45.0,0.4,0.4,100,0.1,0.8,0.9,0.2,0.2,0.2,0.2,0.8,5.7,0,0,-0.1,2.06,113,Center,0
267,Jordan Poole,Michigan,28,2019-20,GSW,57,22.3,8.8,2.9,8.8,33.3,1.3,4.6,27.9,1.7,2.1,79.8,0.2,1.9,2.1,2.4,1.3,0.6,0.2,1.6,15.9,0,0,-3.5,1.93,88,Guard,0
268,Keldon Johnson,Kentucky,29,2019-20,SAS,17,17.7,9.1,3.1,5.2,59.6,0.8,1.3,59.1,2.1,2.6,79.5,0.6,2.8,3.4,0.9,0.8,0.8,0.1,1.6,16.5,1,0,3.9,1.98,100,Forward-Guard,0
269,Kevin Porter Jr.,Southern California,30,2019-20,CLE,50,23.2,10.0,3.7,8.4,44.2,1.1,3.2,33.5,1.5,2.0,72.3,0.4,2.8,3.2,2.2,1.9,0.9,0.3,2.7,18.9,0,0,-5.8,1.93,92,Guard-Forward,0
270,Nic Claxton,Georgia,31,2019-20,BKN,15,12.5,4.4,1.8,3.2,56.3,0.1,0.5,14.3,0.7,1.4,52.4,1.3,1.7,2.9,1.1,0.6,0.1,0.5,0.9,10.7,0,0,-4.5,2.11,98,Forward-Center,0
271,KZ Okpala,Stanford,32,2019-20,MIA,5,5.2,1.4,0.6,1.0,60.0,0.0,0.2,0.0,0.2,0.4,50.0,0.2,0.8,1.0,0.2,0.2,0.4,0.2,0.4,4.5,0,0,-3.0,2.03,98,NaN,0
272,Carsen Edwards,Purdue,33,2019-20,BOS,37,9.5,3.3,1.1,3.5,32.8,0.6,2.1,31.6,0.4,0.5,68.4,0.2,1.1,1.3,0.6,0.4,0.3,0.1,0.9,6.7,0,0,-1.3,1.80,91,Guard,0
273,Bruno Fernando,Maryland,34,2019-20,ATL,56,12.7,4.3,1.8,3.6,51.8,0.1,0.7,13.5,0.5,0.9,56.9,1.2,2.3,3.5,0.9,0.8,0.3,0.3,1.9,11.0,1,0,-1.7,2.06,109,Forward-Center,0
274,Didi Louzada,Sesi Franca (Brazil),35,NaN,NaN,NaN,NaN,NaN,NaN,NaN,NaN,NaN,NaN,NaN,NaN,NaN,NaN,NaN,NaN,NaN,NaN,NaN,NaN,NaN,NaN,NaN,NaN,NaN,NaN,NaN,NaN,NaN,0
275,Cody Martin,North Carolina State,36,2019-20,CHA,48,18.8,5.0,1.9,4.3,43.0,0.4,1.6,23.4,0.9,1.4,64.6,0.8,2.5,3.3,2.0,0.9,0.8,0.2,1.6,14.0,0,0,-1.4,1.98,93,Forward,0
276,Deividas Sirvydis,BC Lietuvos rytas (Lithuania),37,2020-21,DET,20,6.7,2.1,0.7,2.0,35.0,0.5,1.4,35.7,0.2,0.3,50.0,0.0,1.5,1.5,0.3,0.3,0.1,0.0,0.5,4.2,0,0,-1.2,2.03,86,NaN,0
277,Daniel Gafford,Arkansas,38,2019-20,CHI,43,14.2,5.1,2.2,3.1,70.1,0.0,0.0,0.0,0.7,1.4,53.3,1.2,1.3,2.5,0.5,0.7,0.3,1.3,2.3,12.9,0,0,-0.7,2.06,106,Forward-Center,0
278,Alen Smailagic,Santa Cruz (G League),39,2019-20,GSW,14,9.9,4.2,1.4,2.9,50.0,0.2,0.9,23.1,1.1,1.4,84.2,0.7,1.2,1.9,0.9,0.8,0.2,0.3,1.0,8.6,0,0,-0.6,2.08,98,Forward,0
279,Justin James,Wyoming,40,2019-20,SAC,36,6.5,2.5,1.0,2.3,41.7,0.3,0.8,31.0,0.3,0.6,47.6,0.2,0.7,0.9,0.5,0.2,0.2,0.3,0.5,5.3,0,0,-0.7,2.01,86,Guard-Forward,0
280,Eric Paschall,Villanova,41,2019-20,GSW,60,27.6,14.0,5.3,10.7,49.7,0.6,2.2,28.7,2.7,3.5,77.4,1.4,3.2,4.6,2.1,1.6,0.5,0.2,2.1,23.3,4,0,-6.3,1.98,116,Forward,0
281,Admiral Schofield,Tennessee,42,2019-20,WAS,33,11.2,3.0,1.1,2.8,38.0,0.6,1.8,31.1,0.3,0.5,66.7,0.2,1.2,1.4,0.5,0.2,0.2,0.1,1.5,6.3,0,0,-1.7,1.96,109,Forward,0
282,Jaylen Nowell,Washington,43,2019-20,MIN,15,10.1,3.8,1.3,3.5,35.8,0.2,1.7,11.5,1.1,1.1,94.1,0.2,0.7,0.9,1.3,0.2,0.2,0.1,0.7,7.3,0,0,0.7,1.93,91,Guard,0
283,Bol Bol,Oregon,44,2019-20,DEN,7,12.4,5.7,2.0,4.0,50.0,0.6,1.3,44.4,1.1,1.4,80.0,0.7,2.0,2.7,0.9,1.4,0.3,0.9,1.6,12.3,0,0,-3.0,2.18,100,Center-Forward,0
284,Isaiah Roby,Nebraska,45,2019-20,OKC,3,3.8,0.0,0.0,0.3,0.0,0.0,0.0,0.0,0.0,0.0,0.0,0.0,0.7,0.7,0.0,0.3,0.0,0.0,0.3,0.5,0,0,-1.3,2.03,104,Forward,0
285,Talen Horton-Tucker,Iowa State,46,2019-20,LAL,6,13.5,5.7,2.3,5.0,46.7,0.7,2.2,30.8,0.3,0.7,50.0,0.3,0.8,1.2,1.0,1.0,1.3,0.2,1.7,12.1,0,0,-3.0,1.93,106,Guard,0
286,Ignas Brazdeikis,Michigan,47,2019-20,NYK,9,5.9,1.9,0.7,2.4,27.3,0.1,1.0,11.1,0.4,0.6,80.0,0.2,0.3,0.6,0.4,0.2,0.0,0.1,0.3,3.3,0,0,-1.3,1.98,100,Forward,0
287,Terance Mann,Florida State,48,2019-20,LAC,41,8.8,2.4,0.9,1.9,46.8,0.2,0.5,35.0,0.4,0.7,66.7,0.2,1.1,1.3,1.3,0.4,0.3,0.1,1.1,6.7,1,0,-0.1,1.96,98,Guard-Forward,0
288,Quinndary Weatherspoon,Mississippi State,49,2019-20,SAS,11,7.1,1.1,0.5,1.5,29.4,0.1,0.5,20.0,0.1,0.2,50.0,0.1,0.5,0.6,1.0,0.5,0.3,0.1,0.7,4.0,0,0,-2.1,1.91,93,Guard,0
289,Jarrell Brantley,College of Charleston,50,2019-20,UTA,9,10.7,2.7,1.1,3.1,35.7,0.3,1.4,23.1,0.1,0.2,50.0,0.2,2.0,2.2,1.2,0.8,0.3,0.6,0.8,9.1,0,0,-4.1,1.96,113,Forward,0
290,Tremont Waters,Louisiana State,51,2019-20,BOS,11,10.8,3.6,1.3,4.5,28.6,0.4,2.2,16.7,0.7,0.7,100,0.0,1.1,1.1,1.5,1.4,0.9,0.2,1.2,9.0,0,0,1.8,1.78,79,Guard,0
291,Jalen McDaniels,San Diego,52,2019-20,CHA,16,18.3,5.6,2.1,4.4,47.1,0.6,1.5,37.5,0.9,1.1,82.4,0.9,3.1,4.1,0.8,0.7,0.5,0.2,2.3,13.0,0,0,-1.4,2.06,93,Forward-Center,0
292,Justin Wright-Foreman,Hofstra,53,2019-20,UTA,4,11.3,4.8,1.8,5.0,35.0,0.5,2.5,20.0,0.8,1.0,75.0,0.0,1.3,1.3,1.8,0.8,0.5,0.0,1.3,9.6,0,0,-7.5,1.83,86,Guard,0
293,Marial Shayok,Virginia,54,2019-20,PHI,4,7.0,2.8,0.8,3.0,25.0,0.5,1.5,33.3,0.8,1.0,75.0,0.3,1.5,1.8,0.3,0.8,0.0,0.3,1.0,5.2,0,0,-3.3,1.96,90,Guard-Forward,0
294,Kyle Guy,Virginia,55,2019-20,SAC,3,3.2,1.3,0.7,1.7,40.0,0.0,1.0,0.0,0.0,0.0,0.0,0.0,0.3,0.3,0.3,0.0,0.0,0.0,0.3,2.2,0,0,-3.7,1.85,76,NaN,0
295,Jaylen Hands,California-Los Angeles,56,NaN,NaN,NaN,NaN,NaN,NaN,NaN,NaN,NaN,NaN,NaN,NaN,NaN,NaN,NaN,NaN,NaN,NaN,NaN,NaN,NaN,NaN,NaN,NaN,NaN,NaN,NaN,NaN,NaN,0
296,Jordan Bone,Tennessee,57,2019-20,DET,10,5.3,1.2,0.5,2.0,25.0,0.2,1.0,20.0,0.0,0.0,0.0,0.0,0.4,0.4,0.8,0.2,0.1,0.0,0.6,3.0,0,0,0.0,1.88,82,NaN,0
297,Miye Oni,Yale,58,NaN,NaN,NaN,NaN,NaN,NaN,NaN,NaN,NaN,NaN,NaN,NaN,NaN,NaN,NaN,NaN,NaN,NaN,NaN,NaN,NaN,NaN,NaN,NaN,NaN,NaN,NaN,NaN,NaN,0
298,Dewan Hernandez,Miami (FL),59,2019-20,TOR,6,4.7,2.3,0.8,2.3,35.7,0.2,0.3,50.0,0.5,0.8,60.0,0.8,1.5,2.3,0.5,0.5,0.2,0.0,1.0,5.9,0,0,1.8,2.08,107,Center-Forward,0
299,Vanja Marinkovic,KK Partizan (Serbia),60,NaN,NaN,NaN,NaN,NaN,NaN,NaN,NaN,NaN,NaN,NaN,NaN,NaN,NaN,NaN,NaN,NaN,NaN,NaN,NaN,NaN,NaN,NaN,NaN,NaN,NaN,NaN,NaN,NaN,0
300,Anthony Edwards,Georgia,1,2020-21,MIN,72,32.1,19.3,7.0,16.8,41.7,2.4,7.2,32.9,2.9,3.8,77.6,0.8,3.8,4.7,2.9,2.2,1.1,0.5,1.8,32.0,3,0,-3.2,1.93,102,Guard,0
301,James Wiseman,Memphis,2,2020-21,GSW,39,21.4,11.5,4.9,9.4,51.9,0.3,1.0,31.6,1.4,2.2,62.8,1.4,4.4,5.8,0.7,1.5,0.3,0.9,3.1,21.5,3,0,-4.7,2.13,109,Center,0
302,LaMelo Ball,Illawarra (Australia),3,2020-21,CHA,51,28.8,15.7,5.7,13.2,43.6,1.8,5.1,35.2,2.5,3.2,75.8,1.2,4.7,5.9,6.1,2.8,1.6,0.4,2.7,35.0,7,1,-1.6,2.01,82,Guard,0
303,Patrick Williams,Florida State,4,2020-21,CHI,71,27.9,9.2,3.6,7.4,48.3,0.8,1.9,39.1,1.3,1.8,72.8,0.9,3.7,4.6,1.4,1.4,0.9,0.6,1.8,20.1,3,0,-4.1,2.01,98,Forward,0
304,Isaac Okoro,Auburn,5,2020-21,CLE,67,32.4,9.6,3.5,8.3,42.0,0.9,3.2,29.0,1.7,2.3,72.6,1.0,2.1,3.1,1.9,1.3,0.9,0.4,2.8,18.8,1,0,-6.1,1.96,102,Forward-Guard,0
305,Onyeka Okongwu,Southern California,6,2020-21,ATL,50,12.0,4.6,1.9,3.0,64.4,0.0,0.1,0.0,0.7,1.1,63.2,1.2,2.0,3.3,0.4,0.6,0.5,0.7,2.0,11.8,2,0,-1.8,2.03,109,Forward-Center,0
306,Killian Hayes,Ratiopharm Ulm (Germany),7,2020-21,DET,26,25.8,6.8,2.7,7.7,35.3,0.8,2.8,27.8,0.5,0.7,82.4,0.2,2.4,2.7,5.3,3.2,1.0,0.4,2.2,19.0,0,0,-5.0,1.96,88,Guard,0
307,Obi Toppin,Dayton,8,2020-21,NYK,62,11.0,4.1,1.7,3.4,49.8,0.4,1.4,30.6,0.3,0.4,73.1,0.4,1.8,2.2,0.5,0.4,0.3,0.2,0.9,8.6,0,0,0.4,2.06,100,Forward,0
308,Deni Avdija,Maccabi Tel Aviv B.C. (Israel),9,2020-21,WAS,54,23.3,6.3,2.4,5.8,41.7,1.0,3.1,31.5,0.5,0.8,64.4,0.4,4.4,4.9,1.2,0.6,0.6,0.3,2.6,15.9,2,0,-1.5,2.06,95,Forward,0
309,Jalen Smith,Maryland,10,2020-21,PHX,27,5.8,2.0,0.8,1.9,44.0,0.1,0.6,23.5,0.2,0.3,71.4,0.3,1.1,1.4,0.1,0.3,0.0,0.1,0.6,4.1,1,0,-0.6,2.08,98,Forward-Center,0
310,Devin Vassell,Florida State,11,2020-21,SAS,62,17.0,5.5,2.0,4.9,40.6,0.8,2.4,34.7,0.7,0.8,84.3,0.4,2.4,2.8,0.9,0.4,0.7,0.3,1.4,12.8,0,0,-1.0,1.96,91,Guard-Forward,0
311,Tyrese Haliburton,Iowa State,12,2020-21,SAC,58,30.1,13.0,5.0,10.7,47.2,2.1,5.1,40.9,0.8,1.0,85.7,0.7,2.3,3.0,5.3,1.6,1.3,0.5,1.4,28.4,5,0,-3.1,1.96,84,Guard,0
312,Kira Lewis Jr.,Alabama,13,2020-21,NOP,54,16.7,6.4,2.4,6.2,38.6,0.7,2.2,33.3,0.8,0.9,84.3,0.2,1.1,1.3,2.3,0.6,0.7,0.2,1.6,13.4,0,0,0.4,1.85,77,Guard,0
313,Aaron Nesmith,Vanderbilt,14,2020-21,BOS,46,14.5,4.7,1.7,3.9,43.8,0.9,2.3,37.0,0.5,0.6,78.6,0.6,2.2,2.8,0.5,0.5,0.3,0.2,1.9,9.9,0,0,-0.2,1.96,98,Guard-Forward,0
314,Cole Anthony,North Carolina,15,2020-21,ORL,47,27.1,12.9,4.7,11.7,39.7,1.2,3.7,33.7,2.3,2.8,83.2,0.8,3.9,4.7,4.1,2.3,0.6,0.4,2.1,25.5,0,0,-6.9,1.91,84,Guard,0
315,Isaiah Stewart,Washington,16,2020-21,DET,68,21.4,7.9,3.3,6.0,55.3,0.3,0.9,33.3,0.9,1.4,69.6,2.3,4.3,6.7,0.9,1.0,0.6,1.3,2.7,21.7,8,0,-0.9,2.03,113,Forward-Center,0
316,Alekesej Pokusevski,Olympiacos B.C. (Greece),17,2020-21,OKC,45,24.2,8.2,3.1,9.1,34.1,1.3,4.6,28.0,0.7,0.9,73.8,0.7,4.0,4.7,2.2,2.2,0.4,0.9,1.3,19.0,1,0,-8.7,2.13,86,Forward,0
317,Josh Green,Arizona,18,2020-21,DAL,39,11.4,2.6,1.1,2.4,45.2,0.1,0.6,16.0,0.3,0.6,56.5,0.7,1.3,2.0,0.7,0.4,0.4,0.1,0.9,7.1,0,0,0.4,1.96,91,Guard,0
318,Saddiq Bey,Villanova,19,2020-21,DET,70,27.3,12.2,4.0,9.9,40.4,2.5,6.6,38.0,1.8,2.1,84.4,0.6,3.9,4.5,1.4,0.9,0.7,0.2,1.6,21.7,3,0,-3.0,2.01,98,Forward,0
319,Precious Achiuwa,Memphis,20,2020-21,MIA,61,12.1,5.0,2.0,3.7,54.4,0.0,0.0,0.0,0.9,1.8,50.9,1.2,2.2,3.4,0.5,0.7,0.3,0.5,1.5,11.4,3,0,-1.9,2.03,102,Forward,0
320,Tyrese Maxey,Kentucky,21,2020-21,PHI,61,15.3,8.0,3.2,7.0,46.2,0.5,1.7,30.1,1.0,1.1,87.1,0.2,1.5,1.7,2.0,0.7,0.4,0.2,1.3,14.2,0,0,-0.9,1.88,91,Guard,0
321,Zeke Nnaji,Arizona,22,2020-21,DEN,42,9.5,3.2,1.2,2.5,48.1,0.6,1.4,40.7,0.3,0.4,80.0,0.3,1.2,1.5,0.2,0.2,0.2,0.1,0.7,6.1,0,0,-2.0,2.06,109,Forward-Center,0
322,Leandro Bolmaro,FC Barcelona Basquet (Spain),23,2021-22,MIN,35,6.9,1.4,0.5,1.5,31.5,0.1,0.5,27.8,0.3,0.4,84.6,0.5,0.8,1.2,0.6,0.4,0.2,0.0,0.7,3.9,0,0,0.1,1.98,91,Forward,0
323,R.J. Hampton,Breakers (New Zealand),24,2020-21,DEN,25,9.3,2.6,1.0,2.4,41.7,0.2,0.7,27.8,0.4,0.5,75.0,0.4,1.6,2.0,0.6,0.4,0.2,0.1,0.9,6.2,0,0,-2.9,1.93,79,Guard,0
324,Immanuel Quickley,Kentucky,25,2020-21,NYK,64,19.4,11.4,3.6,9.1,39.5,1.8,4.7,38.9,2.4,2.7,89.1,0.4,1.8,2.1,2.0,0.9,0.5,0.2,1.8,18.0,0,0,2.8,1.91,86,Guard,0
325,Payton Pritchard,Oregon,26,2020-21,BOS,66,19.2,7.7,2.8,6.3,44.0,1.5,3.8,41.1,0.6,0.7,88.9,0.5,1.9,2.4,1.8,0.8,0.6,0.1,1.6,14.6,0,0,0.6,1.85,88,Guard,0
326,Udoka Azubuike,Kansas,27,2020-21,UTA,15,3.8,1.1,0.3,0.6,44.4,0.0,0.0,0.0,0.5,0.7,80.0,0.3,0.6,0.9,0.0,0.2,0.1,0.3,0.6,2.9,0,0,-4.3,2.13,122,Center-Forward,0
327,Jaden McDaniels,Washington,28,2020-21,MIN,63,24.0,6.8,2.6,5.8,44.7,1.1,3.1,36.4,0.4,0.7,60.0,0.8,2.9,3.7,1.1,0.7,0.6,1.0,2.7,16.7,0,0,-1.6,2.06,84,Forward,0
328,Malachi Flynn,San Diego State,29,2020-21,TOR,47,19.7,7.5,2.7,7.2,37.4,1.1,3.6,32.1,1.0,1.2,80.4,0.2,2.3,2.5,2.9,0.9,0.8,0.1,1.4,16.8,1,0,-2.1,1.85,79,Guard,0
329,Desmond Bane,Texas Christian,30,2020-21,MEM,68,22.3,9.2,3.4,7.3,46.9,1.7,4.0,43.2,0.6,0.7,81.6,0.5,2.6,3.1,1.7,0.9,0.6,0.2,1.8,17.1,0,0,0.2,1.96,98,Guard,0
330,Tyrell Terry,Stanford,31,2020-21,DAL,11,5.1,1.0,0.5,1.5,31.3,0.0,0.6,0.0,0.1,0.3,33.3,0.0,0.5,0.5,0.5,0.2,0.5,0.0,0.2,3.7,0,0,0.0,1.88,73,Guard,0
331,Vernon Carey Jr.,Duke,32,2020-21,CHA,19,6.0,2.4,0.9,1.9,50.0,0.1,0.4,14.3,0.5,0.6,81.8,0.3,1.1,1.4,0.1,0.3,0.1,0.3,0.7,5.0,0,0,-0.6,2.06,122,Forward-Center,0
332,Daniel Oturu,Minnesota,33,2020-21,LAC,30,5.4,1.8,0.7,1.7,42.3,0.0,0.2,20.0,0.3,0.4,75.0,0.7,0.9,1.6,0.3,0.3,0.1,0.2,0.8,5.0,1,0,0.3,2.03,109,NaN,0
333,Theo Maledon,ASVEL Basket (France),34,2020-21,OKC,65,27.3,10.1,3.5,9.4,36.8,1.6,4.8,33.5,1.6,2.1,74.8,0.4,2.9,3.2,3.5,2.2,0.9,0.2,1.9,20.2,1,0,-9.6,1.93,79,Guard,0
334,Xavier Tillman Sr.,Michigan State,35,2020-21,MEM,59,18.4,6.6,2.8,5.1,55.9,0.4,1.1,33.8,0.6,0.9,64.2,1.3,3.1,4.3,1.3,0.8,0.7,0.6,2.0,16.9,2,0,0.6,2.03,111,Forward,0
335,Tyler Bey,Colorado,36,2020-21,DAL,18,3.9,1.0,0.4,1.2,31.8,0.1,0.2,25.0,0.2,0.3,60.0,0.4,0.6,1.1,0.2,0.2,0.0,0.1,0.3,2.5,0,0,-2.1,2.01,98,Forward,0
336,Vit Krejci,Basket Zaragoza 2002 (Spain),37,2021-22,OKC,30,23.0,6.2,2.3,5.6,40.7,1.1,3.3,32.7,0.6,0.7,86.4,0.6,2.8,3.4,1.9,1.0,0.6,0.3,2.2,14.9,1,0,-6.0,2.03,88,Guard,0
337,Saben Lee,Vanderbilt,38,2020-21,DET,48,16.3,5.6,2.1,4.4,47.1,0.2,0.5,34.8,1.3,1.9,68.5,0.4,1.6,2.0,3.6,1.1,0.7,0.3,1.6,15.1,0,0,-1.9,1.88,83,Guard,0
338,Elijah Hughes,Syracuse,39,2020-21,UTA,18,3.5,1.7,0.6,1.7,33.3,0.4,1.3,34.8,0.2,0.2,75.0,0.1,0.4,0.5,0.3,0.3,0.1,0.1,0.1,2.8,0,0,-2.1,1.96,98,Guard,0
339,Robert Woodard II,Mississippi State,40,2020-21,SAC,13,3.5,1.5,0.6,1.5,40.0,0.1,0.5,16.7,0.2,0.6,37.5,0.3,0.9,1.2,0.2,0.1,0.0,0.2,0.3,3.9,0,0,0.8,1.98,107,Forward,0
340,Tre Jones,Duke,41,2020-21,SAS,37,7.3,2.5,1.0,2.1,47.4,0.1,0.1,60.0,0.5,0.5,89.5,0.2,0.4,0.6,1.1,0.4,0.2,0.0,0.4,5.1,0,0,-2.2,1.85,84,Guard,0
341,Nick Richards,Kentucky,42,2020-21,CHA,18,3.5,0.8,0.2,0.5,44.4,0.0,0.1,0.0,0.4,0.6,63.6,0.2,0.4,0.6,0.1,0.2,0.0,0.0,0.4,1.6,0,0,-0.7,2.13,111,Center,0
342,Jahmi'us Ramsey,Texas Tech,43,NaN,NaN,NaN,NaN,NaN,NaN,NaN,NaN,NaN,NaN,NaN,NaN,NaN,NaN,NaN,NaN,NaN,NaN,NaN,NaN,NaN,NaN,NaN,NaN,NaN,NaN,NaN,NaN,NaN,0
343,Marko Simonovic,KK Mega Leks (Serbia),44,2021-22,CHI,9,3.9,1.9,0.4,1.7,26.7,0.1,0.6,20.0,0.9,1.2,72.7,0.6,0.6,1.1,0.0,0.2,0.1,0.1,0.7,3.7,0,0,0.3,2.11,100,Center,0
344,Jordan Nwora,Louisville,45,2020-21,MIL,30,9.1,5.7,2.1,4.5,45.9,0.9,2.1,45.2,0.6,0.8,76.0,0.3,1.7,2.0,0.2,0.8,0.6,0.3,0.7,10.2,2,0,-0.1,2.03,102,Forward,0
345,CJ Elleby,Washington State,46,2020-21,POR,30,6.4,2.3,0.8,2.2,37.9,0.2,1.1,20.6,0.4,0.5,73.3,0.4,0.7,1.1,0.3,0.2,0.2,0.1,0.9,4.8,0,0,-0.5,1.98,91,Forward-Guard,0
346,Yam Madar,Hapoel Galil Elyon (Israel),47,NaN,NaN,NaN,NaN,NaN,NaN,NaN,NaN,NaN,NaN,NaN,NaN,NaN,NaN,NaN,NaN,NaN,NaN,NaN,NaN,NaN,NaN,NaN,NaN,NaN,NaN,NaN,NaN,NaN,0
347,Nico Mannion,Arizona,48,2020-21,GSW,30,12.1,4.1,1.3,3.8,34.2,0.7,2.0,36.7,0.8,0.9,82.1,0.2,1.3,1.5,2.3,1.0,0.5,0.0,1.0,10.1,0,0,-2.5,1.88,86,Guard,0
348,Isaiah Joe,Arkansas,49,2020-21,PHI,41,9.3,3.7,1.2,3.2,36.1,1.0,2.6,36.8,0.4,0.6,75.0,0.1,0.7,0.9,0.5,0.3,0.3,0.1,0.8,6.4,0,0,0.0,1.93,75,Guard,0
349,Skylar Mays,Louisiana State,50,2020-21,ATL,33,8.2,3.8,1.3,3.0,44.9,0.4,1.2,35.0,0.7,0.8,88.0,0.3,0.8,1.1,0.9,0.3,0.4,0.1,0.5,7.6,0,0,0.4,1.93,93,Guard,0
350,Justinian Jessup,Boise State,51,NaN,NaN,NaN,NaN,NaN,NaN,NaN,NaN,NaN,NaN,NaN,NaN,NaN,NaN,NaN,NaN,NaN,NaN,NaN,NaN,NaN,NaN,NaN,NaN,NaN,NaN,NaN,NaN,NaN,0
351,Kenyon Martin Jr.,IMG Academy,52,2020-21,HOU,45,23.7,9.3,3.6,7.1,50.9,0.8,2.1,36.5,1.3,1.9,71.4,1.6,3.8,5.4,1.1,0.8,0.7,0.9,2.0,21.3,4,0,-6.3,1.96,98,Forward,0
352,Cassius Winston,Michigan State,53,2020-21,WAS,22,4.5,1.9,0.6,1.5,42.4,0.4,0.8,47.1,0.2,0.3,83.3,0.0,0.4,0.4,0.5,0.2,0.1,0.0,0.4,3.4,0,0,-2.2,1.85,84,Guard,0
353,Cassius Stanley,Duke,54,2020-21,IND,24,3.9,1.5,0.5,1.8,30.2,0.1,0.5,23.1,0.3,0.4,77.8,0.3,0.5,0.8,0.0,0.0,0.0,0.1,0.6,2.9,0,0,0.8,1.96,86,Guard,0
354,Jay Scrubb,John A. Logan,55,2020-21,LAC,4,21.0,8.8,3.5,9.0,38.9,0.5,2.3,22.2,1.3,1.3,100,0.5,3.0,3.5,0.3,1.8,1.0,0.0,1.3,14.6,0,0,0.5,1.96,100,Guard,0
355,Grant Riller,College of Charleston,56,2020-21,CHA,7,3.9,2.6,1.1,1.7,66.7,0.3,0.6,50.0,0.0,0.0,0.0,0.0,0.1,0.1,0.4,0.1,0.1,0.0,0.0,3.7,0,0,-0.6,1.88,86,Guard,0
356,Reggie Perry,Mississippi State,57,2020-21,BKN,26,8.1,3.0,1.2,3.0,41.0,0.2,0.8,19.0,0.4,0.5,76.9,1.0,1.8,2.8,0.5,0.6,0.2,0.2,1.5,8.0,1,0,-1.4,2.03,113,NaN,0
357,Paul Reed,DePaul,58,2020-21,PHI,26,6.8,3.4,1.6,3.0,53.8,0.0,0.2,0.0,0.2,0.3,50.0,1.2,1.2,2.3,0.5,0.5,0.4,0.5,1.1,9.1,1,0,1.4,2.06,95,Forward,0
358,Jalen Harris,Nevada-Reno,59,2020-21,TOR,13,13.2,7.4,2.8,5.5,50.0,1.3,2.8,47.2,0.5,0.7,77.8,0.2,1.2,1.4,1.3,1.1,0.6,0.0,1.2,11.8,0,0,-0.1,1.96,88,NaN,0
359,Sam Merrill,Utah State,60,2020-21,MIL,30,7.8,3.0,1.1,2.4,44.4,0.7,1.6,44.7,0.1,0.1,100,0.2,0.8,1.0,0.7,0.3,0.3,0.0,0.6,5.8,0,0,-1.3,1.93,93,NaN,0
360,Cade Cunningham,Oklahoma State,1,2021-22,DET,64,32.6,17.4,6.7,16.1,41.6,1.8,5.7,31.4,2.2,2.6,84.5,0.9,4.6,5.5,5.6,3.7,1.2,0.7,3.1,34.4,10,2,-4.3,1.98,100,Guard,0
361,Jalen Green,Ignite (G League),2,2021-22,HOU,67,31.9,17.3,6.1,14.2,42.6,2.3,6.8,34.3,2.8,3.5,79.7,0.5,2.9,3.4,2.6,2.0,0.7,0.3,1.5,26.0,0,0,-7.7,1.93,84,Guard,0
362,Evan Mobley,Southern California,3,2021-22,CLE,69,33.8,15.0,6.1,12.0,50.8,0.3,1.3,25.0,2.4,3.7,66.3,2.1,6.2,8.3,2.5,1.9,0.8,1.7,2.1,34.2,21,0,1.4,2.11,98,Center,0
363,Scottie Barnes,Florida State,4,2021-22,TOR,74,35.4,15.3,6.2,12.6,49.2,0.8,2.6,30.1,2.1,2.9,73.5,2.6,4.9,7.5,3.5,1.8,1.1,0.7,2.6,33.2,13,0,0.9,2.01,102,Forward,1
364,Jalen Suggs,Gonzaga,5,2021-22,ORL,48,27.2,11.8,4.1,11.4,36.1,0.9,4.1,21.4,2.6,3.4,77.3,0.5,3.0,3.6,4.4,3.0,1.2,0.4,3.0,24.5,2,0,-4.3,1.96,93,Guard,0
365,Josh Giddey,NBA Global Academy (Australia),6,2021-22,OKC,54,31.5,12.5,5.2,12.4,41.9,1.0,3.9,26.3,1.0,1.5,70.9,1.8,6.0,7.8,6.4,3.2,0.9,0.4,1.6,32.2,16,4,-5.5,2.03,93,Guard,0
366,Jonathan Kuminga,Ignite (G League),7,2021-22,GSW,70,16.9,9.3,3.4,6.6,51.3,0.7,2.1,33.6,1.9,2.7,68.4,0.8,2.6,3.3,0.9,1.1,0.4,0.3,2.1,15.9,2,0,0.5,2.01,102,Forward,0
367,Franz Wagner,Michigan,8,2021-22,ORL,79,30.7,15.2,5.8,12.3,46.8,1.2,3.4,35.4,2.4,2.8,86.3,1.1,3.4,4.5,2.9,1.5,0.9,0.4,2.1,27.3,2,0,-3.1,2.08,100,Forward,0
368,Davion Mitchell,Baylor,9,2021-22,SAC,75,27.7,11.5,4.7,11.2,41.8,1.3,4.3,31.6,0.7,1.1,65.9,0.4,1.8,2.2,4.2,1.5,0.7,0.3,1.9,22.0,3,0,-3.7,1.83,92,Guard,0
369,Ziaire Williams,Stanford,10,2021-22,MEM,62,21.7,8.1,3.1,6.8,45.0,1.2,3.9,31.4,0.7,0.9,78.2,0.4,1.7,2.1,1.0,0.7,0.6,0.2,1.8,13.8,0,0,2.0,2.06,84,Forward,0
370,James Bouknight,Connecticut,11,2021-22,CHA,31,9.8,4.6,1.6,4.5,34.8,0.5,1.6,34.7,0.9,1.0,87.1,0.7,1.0,1.7,0.8,0.5,0.2,0.0,0.9,8.1,0,0,-1.6,1.93,86,Guard,0
371,Joshua Primo,Alabama,12,2021-22,SAS,50,19.3,5.8,2.0,5.4,37.4,0.8,2.7,30.7,0.9,1.2,74.6,0.6,1.6,2.3,1.6,1.1,0.4,0.5,1.6,12.3,0,0,-1.6,1.93,86,Guard,0
372,Chris Duarte,Oregon,13,2021-22,IND,55,28.0,13.1,4.9,11.3,43.2,1.7,4.6,36.9,1.6,2.0,80.4,0.7,3.4,4.1,2.1,1.6,1.0,0.2,1.7,23.1,0,0,-1.0,1.96,86,Guard,0
373,Moses Moody,Arkansas,14,2021-22,GSW,52,11.7,4.4,1.5,3.5,43.7,0.8,2.1,36.4,0.5,0.7,77.8,0.3,1.2,1.5,0.4,0.3,0.1,0.2,0.8,7.6,0,0,-0.8,1.96,96,Guard,0
374,Corey Kispert,Gonzaga,15,2021-22,WAS,77,23.4,8.2,3.0,6.7,45.5,1.5,4.2,35.0,0.7,0.8,87.1,0.7,2.0,2.7,1.1,0.6,0.5,0.3,1.2,14.7,0,0,0.5,1.98,102,Forward,0
375,Alperen Sengun,Besiktas (Turkey),16,2021-22,HOU,72,20.7,9.6,3.5,7.3,47.4,0.4,1.6,24.8,2.3,3.2,71.1,1.9,3.5,5.5,2.6,2.0,0.8,0.9,3.0,23.3,8,0,-4.3,2.08,110,Center,0
376,Trey Murphy III,Virginia,17,2021-22,NOP,62,13.9,5.4,1.8,4.5,39.4,1.1,3.0,38.2,0.7,0.8,88.2,0.8,1.6,2.4,0.6,0.3,0.4,0.1,1.0,10.3,0,0,0.0,2.03,93,Forward,0
377,Tre Mann,Florida,18,2021-22,OKC,60,22.8,10.4,3.9,9.8,39.3,1.6,4.5,36.0,1.1,1.4,79.3,0.4,2.4,2.9,1.5,1.2,0.8,0.2,1.7,17.9,0,0,-4.6,1.91,81,Guard,0
378,Kai Jones,Texas,19,2021-22,CHA,21,3.0,1.0,0.4,0.7,64.3,0.0,0.1,50.0,0.1,0.4,37.5,0.1,0.4,0.5,0.2,0.3,0.0,0.1,0.4,2.1,0,0,-0.7,2.08,100,Center-Forward,0
379,Jalen Johnson,Duke,20,2021-22,ATL,22,5.5,2.4,1.0,1.9,53.7,0.1,0.6,23.1,0.2,0.3,71.4,0.1,1.1,1.2,0.1,0.4,0.1,0.1,0.4,4.3,0,0,-0.9,2.03,99,Forward,0
380,Keon Johnson,Tennessee,21,2021-22,LAC,15,9.0,3.5,1.1,3.4,33.3,0.2,0.7,27.3,1.1,1.4,76.2,0.4,1.0,1.4,0.9,0.5,0.5,0.1,1.4,7.8,0,0,-0.5,1.93,84,Guard,0
381,Isaiah Jackson,Kentucky,22,2021-22,IND,36,15.0,8.3,3.2,5.7,56.3,0.1,0.4,31.3,1.7,2.4,68.2,1.7,2.5,4.1,0.3,1.1,0.7,1.4,2.6,18.9,3,0,-1.1,2.08,93,Forward,0
382,Usman Garuba,Madrid (ESP),23,2021-22,HOU,24,10.0,2.0,0.8,1.8,43.2,0.2,0.8,25.0,0.2,0.3,71.4,0.9,2.6,3.5,0.7,0.3,0.4,0.5,1.2,9.6,0,0,1.4,2.03,104,Forward,0
383,Josh Christopher,Arizona State,24,2021-22,HOU,74,18.0,7.9,3.0,6.8,44.8,0.8,2.6,29.6,1.1,1.5,73.5,0.7,1.8,2.5,2.0,1.5,0.9,0.2,1.3,15.6,0,0,-3.7,1.91,98,Guard,0
384,Quentin Grimes,Houston,25,2021-22,NYK,46,17.1,6.0,2.1,5.1,40.4,1.6,4.1,38.1,0.3,0.4,68.4,0.5,1.5,2.0,1.0,0.6,0.7,0.2,1.6,12.0,0,0,-1.2,1.93,95,Guard,0
385,Bones Hyland,Virginia Commonwealth,26,2021-22,DEN,69,19.0,10.1,3.3,8.3,40.3,1.9,5.2,36.6,1.6,1.8,85.6,0.2,2.5,2.7,2.8,1.2,0.6,0.3,2.2,18.9,1,0,0.6,1.88,77,Guard,0
386,Cam Thomas,Louisiana State,27,2021-22,BKN,67,17.6,8.5,3.3,7.5,43.3,0.7,2.6,27.0,1.3,1.6,82.9,0.2,2.2,2.4,1.2,0.8,0.5,0.1,1.0,14.2,0,0,-2.1,1.91,95,Guard,0
387,Jaden Springer,Tennessee,28,2021-22,PHI,2,2.8,1.0,0.5,0.5,100,0.0,0.0,0.0,0.0,0.0,0.0,0.5,0.5,1.0,0.0,0.5,0.0,1.0,0.0,4.7,0,0,-4.0,1.93,92,Guard,0
388,Day'Ron Sharpe,North Carolina,29,2021-22,BKN,32,12.2,6.2,2.7,4.7,57.7,0.1,0.2,28.6,0.8,1.3,58.5,2.5,2.5,5.0,0.5,0.9,0.3,0.5,1.9,14.4,2,0,1.8,2.06,120,Forward,0
389,Santi Aldama,Loyola-Maryland,30,2021-22,MEM,32,11.2,4.1,1.7,4.1,40.2,0.2,1.5,12.5,0.6,1.0,62.5,1.0,1.7,2.7,0.7,0.5,0.2,0.3,1.1,9.4,2,0,0.5,2.11,98,Forward-Center,0
390,Isaiah Todd,Ignite (G League),31,2021-22,WAS,12,6.2,1.7,0.6,2.2,26.9,0.3,1.3,25.0,0.2,0.5,33.3,0.3,0.8,1.0,0.3,0.3,0.3,0.2,0.3,4.5,0,0,-2.0,2.06,99,Forward,0
391,Jeremiah Robinson-Earl,Villanova,32,2021-22,OKC,49,22.2,7.5,2.7,6.6,41.4,1.2,3.4,35.2,0.8,1.1,74.1,1.5,4.1,5.6,1.0,0.8,0.6,0.3,1.5,17.6,3,0,-4.9,2.03,110,Forward,0
392,Jason Preston,Ohio,33,3.7,1.2,2018-19,Ohio,19,30,22,29.5,6.0,2.4,5.5,43.4,0.3,1.6,20.8,0.9,1.1,76.5,0.7,2.9,3.6,3.4,0.8,0.1,1.2,1.0,1.91,82,Guard,0
393,Rokas Jokubaitis,BC Zalgiris (Lithuania),34,NaN,NaN,NaN,NaN,NaN,NaN,NaN,NaN,NaN,NaN,NaN,NaN,NaN,NaN,NaN,NaN,NaN,NaN,NaN,NaN,NaN,NaN,NaN,NaN,NaN,NaN,NaN,NaN,NaN,0
394,Herbert Jones,Alabama,35,2021-22,NOP,78,29.9,9.5,3.5,7.4,47.6,0.7,2.2,33.7,1.8,2.1,84.0,1.3,2.5,3.8,2.1,1.3,1.7,0.8,3.1,23.3,1,0,0.9,2.01,93,Forward,0
395,Miles McBride,West Virginia,36,2021-22,NYK,40,9.3,2.2,0.8,2.7,29.6,0.4,1.7,25.0,0.2,0.3,66.7,0.1,1.0,1.1,1.0,0.1,0.4,0.0,1.1,6.0,0,0,2.5,1.85,88,Guard,0
396,JT Thor,Auburn,37,2021-22,CHA,33,7.9,2.0,0.7,1.7,43.6,0.2,0.8,25.9,0.4,0.6,60.0,0.3,1.0,1.3,0.6,0.3,0.2,0.3,0.8,5.9,0,0,-0.2,2.06,92,Forward,0
397,Ayo Dosunmu,Illinois,38,2021-22,CHI,77,27.4,8.8,3.6,6.9,52.0,0.9,2.4,37.6,0.7,1.0,67.9,0.4,2.4,2.8,3.3,1.4,0.8,0.4,2.4,19.2,4,0,-2.6,1.93,91,Guard,0
398,Neemias Queta,Utah State,39,2021-22,SAC,15,8.0,3.0,1.1,2.5,44.7,0.0,0.0,0.0,0.7,1.1,64.7,0.9,1.1,2.1,0.4,0.4,0.1,0.5,1.2,7.5,0,0,-0.5,2.13,112,Center,0
399,Jared Butler,Baylor,40,2021-22,UTA,42,8.6,3.8,1.5,3.6,40.4,0.7,2.1,31.8,0.3,0.4,68.8,0.1,1.0,1.1,1.5,0.8,0.4,0.2,1.1,8.4,0,0,-0.3,1.91,88,Guard,0
400,Joe Wieskamp,Iowa,41,2021-22,SAS,29,7.1,2.1,0.7,1.9,35.7,0.5,1.5,32.6,0.2,0.4,53.8,0.1,0.3,0.5,0.3,0.1,0.1,0.1,0.5,3.8,0,0,0.0,1.98,93,Guard-Forward,0
401,Isaiah Livers,Michigan,42,2021-22,DET,19,20.2,6.4,2.2,4.7,45.6,1.4,3.4,42.2,0.6,0.7,85.7,0.8,2.2,3.0,1.1,0.8,0.7,0.4,1.9,14.0,1,0,-0.5,1.98,105,Forward,0
402,Greg Brown III,Texas,43,2021-22,POR,48,13.3,4.7,1.7,4.0,42.6,0.4,1.3,31.1,0.9,1.4,67.7,0.8,2.0,2.8,0.7,0.8,0.5,0.5,1.9,11.5,0,0,-5.0,2.01,93,Forward,0
403,Kessler Edwards,Pepperdine,44,2021-22,BKN,48,20.6,5.9,2.3,5.6,41.2,1.0,2.8,35.3,0.3,0.4,84.2,0.9,2.7,3.6,0.6,0.9,0.6,0.5,1.8,13.6,1,0,-1.3,2.01,92,Forward,0
404,Juhann Begarin,Paris (France),45,NaN,NaN,NaN,NaN,NaN,NaN,NaN,NaN,NaN,NaN,NaN,NaN,NaN,NaN,NaN,NaN,NaN,NaN,NaN,NaN,NaN,NaN,NaN,NaN,NaN,NaN,NaN,NaN,NaN,0
405,Dalano Banton,Nebraska,46,2021-22,TOR,64,10.9,3.2,1.3,3.2,41.1,0.2,0.8,25.5,0.4,0.7,59.1,0.6,1.3,1.9,1.5,0.8,0.4,0.2,1.1,8.8,0,0,0.5,2.01,93,Forward,0
406,David Johnson,Louisville,47,2021-22,TOR,2,1.0,0.0,0.0,0.5,0.0,0.0,0.5,0.0,0.0,0.0,0.0,0.0,0.0,0.0,0.0,0.0,0.0,0.0,0.0,0.0,0,0,-1.0,1.93,92,Guard,0
407,Sharife Cooper,Auburn,48,NaN,NaN,NaN,NaN,NaN,NaN,NaN,NaN,NaN,NaN,NaN,NaN,NaN,NaN,NaN,NaN,NaN,NaN,NaN,NaN,NaN,NaN,NaN,NaN,NaN,NaN,NaN,NaN,NaN,0
408,Marcus Zegarowski,Creighton,49,NaN,NaN,NaN,NaN,NaN,NaN,NaN,NaN,NaN,NaN,NaN,NaN,NaN,NaN,NaN,NaN,NaN,NaN,NaN,NaN,NaN,NaN,NaN,NaN,NaN,NaN,NaN,NaN,NaN,0
409,Filip Petrusev,KK Mega Leks (Serbia),50,NaN,NaN,NaN,NaN,NaN,NaN,NaN,NaN,NaN,NaN,NaN,NaN,NaN,NaN,NaN,NaN,NaN,NaN,NaN,NaN,NaN,NaN,NaN,NaN,NaN,NaN,NaN,NaN,NaN,0
410,Brandon Boston,Kentucky,51,2021-22,LAC,51,14.9,6.7,2.5,6.4,38.5,0.7,2.2,30.6,1.2,1.4,81.9,0.3,1.8,2.2,1.0,0.6,0.5,0.3,0.8,12.5,0,0,-0.7,1.98,85,Guard,0
411,Luka Garza,Iowa,52,2021-22,DET,32,12.2,5.8,2.1,4.6,44.9,0.5,1.5,32.7,1.2,1.9,62.3,1.8,1.3,3.1,0.6,0.6,0.3,0.2,1.7,11.3,2,0,-2.0,2.08,110,Center,0
412,Charles Bassey,Western Kentucky,53,NaN,NaN,NaN,NaN,NaN,NaN,NaN,NaN,NaN,NaN,NaN,NaN,NaN,NaN,NaN,NaN,NaN,NaN,NaN,NaN,NaN,NaN,NaN,NaN,NaN,NaN,NaN,NaN,NaN,0
413,Sandro Mamukelashvili,Seton Hall,54,2021-22,MIL,41,9.9,3.8,1.4,2.8,49.6,0.5,1.3,42.3,0.4,0.5,81.8,0.9,1.1,2.0,0.5,0.4,0.2,0.2,0.7,7.9,1,0,-3.5,2.06,109,Forward-Center,0
414,Aaron Wiggins,Maryland,55,2021-22,OKC,50,24.2,8.3,3.1,6.7,46.3,0.8,2.8,30.4,1.2,1.7,72.9,1.0,2.5,3.6,1.4,1.1,0.6,0.2,1.9,16.0,0,0,-4.7,1.93,86,Guard,0
415,Scottie Lewis,Florida,56,2021-22,CHA,2,3.3,0.5,0.0,0.0,0.0,0.0,0.0,0.0,0.5,1.0,50.0,0.0,0.0,0.0,0.5,0.0,0.5,0.0,0.0,2.8,0,0,-2.0,1.96,84,Guard,0
416,Balsa Koprivica,Florida State,57,NaN,NaN,NaN,NaN,NaN,NaN,NaN,NaN,NaN,NaN,NaN,NaN,NaN,NaN,NaN,NaN,NaN,NaN,NaN,NaN,NaN,NaN,NaN,NaN,NaN,NaN,NaN,NaN,NaN,0
417,Jericho Sims,Texas,58,2021-22,NYK,41,13.5,2.2,1.0,1.3,72.2,0.0,0.0,0.0,0.3,0.7,41.4,1.5,2.6,4.1,0.5,0.5,0.3,0.5,1.6,9.8,1,0,1.9,2.06,113,Center,0
418,RaiQuan Gray,Florida State,59,NaN,NaN,NaN,NaN,NaN,NaN,NaN,NaN,NaN,NaN,NaN,NaN,NaN,NaN,NaN,NaN,NaN,NaN,NaN,NaN,NaN,NaN,NaN,NaN,NaN,NaN,NaN,NaN,NaN,0
419,Georgios Kalaitzakis,BC Nevezis (Greece),60,2021-22,MIL,9,5.3,1.8,0.6,1.2,45.5,0.2,0.4,50.0,0.4,1.0,44.4,0.4,0.4,0.9,0.0,0.4,0.1,0.1,0.9,3.1,0,0,-5.4,2.01,87,NaN,0
